hospital_id,hospital_name,ZipCode,nurse_score,clean_score,doctor_score,staff_score,quiet_score,med_communication_score,discharge_score,care_transition_score,overall_score,recommend_score,predicted_score,residual,performance
1,SOUTHEAST ALABAMA MEDICAL CENTER,36301,87.0,83.0,90.0,75.0,86.0,70.0,85.0,79.0,83.0,84.0,84.49131008879627,-1.4913100887962685,Underperforming
2,MARSHALL MEDICAL CENTER SOUTH,35957,91.0,87.0,94.0,85.0,85.0,81.0,88.0,81.0,88.0,88.0,88.4903786519788,-0.49037865197880137,Underperforming
3,ELIZA COFFEE MEMORIAL HOSPITAL,35631,89.0,79.0,91.0,83.0,82.0,76.0,83.0,80.0,84.0,84.0,84.81456849646142,-0.814568496461419,Underperforming
4,MIZELL MEMORIAL HOSPITAL,36467,89.0,86.0,94.0,84.0,86.0,79.0,85.0,80.0,85.0,85.0,86.55672934465393,-1.556729344653931,Underperforming
5,CRENSHAW COMMUNITY HOSPITAL,36049,0.0,0.0,0.0,0.0,0.0,0.0,0.0,0.0,0.0,0.0,-0.3187577441064354,0.3187577441064354,Overperforming
6,ST VINCENT'S EAST,35235,89.0,84.0,91.0,83.0,81.0,77.0,86.0,82.0,87.0,86.0,86.24200365249371,0.7579963475062925,Overperforming
7,DEKALB REGIONAL MEDICAL CENTER,35968,89.0,86.0,90.0,85.0,81.0,77.0,87.0,80.0,86.0,83.0,84.76868423290111,1.2313157670988915,Overperforming
8,SHELBY BAPTIST MEDICAL CENTER,35007,90.0,84.0,91.0,83.0,84.0,79.0,87.0,81.0,88.0,88.0,87.49941612065489,0.5005838793451147,Overperforming
9,CALLAHAN EYE HOSPITAL,35233,0.0,0.0,0.0,0.0,0.0,0.0,0.0,0.0,0.0,0.0,-0.32629204803710254,0.32629204803710254,Overperforming
10,HELEN KELLER MEMORIAL HOSPITAL,35660,91.0,82.0,93.0,82.0,87.0,76.0,85.0,81.0,88.0,89.0,88.36024405359586,-0.36024405359586353,Underperforming
11,DALE MEDICAL CENTER,36360,93.0,92.0,95.0,91.0,89.0,86.0,87.0,84.0,91.0,93.0,92.41198276057847,-1.4119827605784678,Underperforming
12,FLOYD CHEROKEE MEDICAL CENTER,35960,0.0,0.0,0.0,0.0,0.0,0.0,0.0,0.0,0.0,0.0,-0.3195795002949518,0.3195795002949518,Overperforming
13,BAPTIST MEDICAL CENTER SOUTH,36116,89.0,84.0,90.0,82.0,84.0,78.0,84.0,80.0,86.0,86.0,86.23468322074255,-0.23468322074255354,Underperforming
14,JACKSON HOSPITAL & CLINIC INC,36106,90.0,84.0,91.0,86.0,85.0,80.0,86.0,81.0,88.0,90.0,88.57729699016079,-0.5772969901607894,Underperforming
15,EAST ALABAMA MEDICAL CENTER,36801,92.0,88.0,93.0,88.0,89.0,81.0,88.0,83.0,90.0,91.0,90.34375885853215,-0.34375885853215493,Underperforming
16,TANNER MEDICAL CENTER-EAST ALABAMA,36278,0.0,0.0,0.0,0.0,0.0,0.0,0.0,0.0,0.0,0.0,-0.31664333773373593,0.31664333773373593,Overperforming
17,UNIVERSITY OF ALABAMA HOSPITAL,35233,93.0,85.0,93.0,85.0,86.0,80.0,89.0,84.0,92.0,94.0,91.5578168912916,0.4421831087084058,Overperforming
18,COMMUNITY HOSPITAL INC,36078,94.0,93.0,90.0,92.0,86.0,82.0,83.0,78.0,87.0,85.0,87.93160309105211,-0.9316030910521107,Underperforming
19,CULLMAN REGIONAL MEDICAL CENTER,35058,90.0,89.0,91.0,81.0,85.0,73.0,81.0,78.0,85.0,83.0,85.57632029415532,-0.5763202941553232,Underperforming
20,ANDALUSIA HEALTH,36420,89.0,85.0,90.0,83.0,84.0,81.0,87.0,80.0,85.0,85.0,85.82981258614777,-0.8298125861477672,Underperforming
21,STRINGFELLOW MEMORIAL HOSPITAL,36201,87.0,87.0,89.0,81.0,86.0,75.0,83.0,79.0,86.0,85.0,85.46710376686505,0.5328962331349487,Overperforming
22,HUNTSVILLE HOSPITAL,35801,92.0,88.0,92.0,84.0,85.0,78.0,85.0,82.0,90.0,91.0,90.05257144243996,-0.05257144243995526,Underperforming
23,GADSDEN REGIONAL MEDICAL CENTER,35903,90.0,86.0,89.0,84.0,84.0,80.0,88.0,81.0,87.0,87.0,86.95400263639101,0.04599736360898987,Overperforming
24,MARION REGIONAL MEDICAL CENTER,35570,97.0,98.0,99.0,90.0,94.0,87.0,85.0,84.0,94.0,92.0,94.20761826567826,-0.20761826567826347,Underperforming
25,FAYETTE MEDICAL CENTER,35555,96.0,94.0,97.0,91.0,96.0,90.0,96.0,88.0,94.0,94.0,94.169536074009,-0.1695360740090024,Underperforming
26,RIVERVIEW REGIONAL MEDICAL CENTER,35901,90.0,89.0,88.0,84.0,85.0,78.0,86.0,81.0,89.0,89.0,88.14154883502866,0.858451164971342,Overperforming
27,GEORGIANA MEDICAL CENTER,36033,0.0,0.0,0.0,0.0,0.0,0.0,0.0,0.0,0.0,0.0,-0.3189054755560563,0.3189054755560563,Overperforming
28,MEDICAL CENTER ENTERPRISE,36330,91.0,87.0,92.0,85.0,85.0,81.0,88.0,83.0,88.0,88.0,88.29946417268414,-0.2994641726841394,Underperforming
30,LAKE MARTIN COMMUNITY HOSPITAL,36853,94.0,91.0,95.0,93.0,90.0,89.0,89.0,85.0,88.0,89.0,90.68872717718799,-2.6887271771879853,Underperforming
31,FLOWERS HOSPITAL,36305,90.0,86.0,91.0,83.0,83.0,83.0,88.0,83.0,89.0,90.0,88.78827063916333,0.21172936083667082,Overperforming
32,ST VINCENT'S BIRMINGHAM,35205,92.0,84.0,92.0,86.0,85.0,80.0,87.0,84.0,90.0,92.0,90.18147067509491,-0.1814706750949142,Underperforming
33,BIBB MEDICAL CENTER,35042,0.0,0.0,0.0,0.0,0.0,0.0,0.0,0.0,0.0,0.0,-0.32805559221695235,0.32805559221695235,Overperforming
34,LAWRENCE MEDICAL CENTER,35650,0.0,0.0,0.0,0.0,0.0,0.0,0.0,0.0,0.0,0.0,-0.3224417971313572,0.3224417971313572,Overperforming
35,HIGHLANDS MEDICAL CENTER,35768,90.0,83.0,90.0,85.0,86.0,78.0,84.0,79.0,84.0,81.0,83.97772346167298,0.022276538327020035,Overperforming
36,WIREGRASS MEDICAL CENTER,36340,90.0,87.0,93.0,87.0,84.0,81.0,88.0,82.0,88.0,87.0,87.66874797169822,0.33125202830177614,Overperforming
37,RUSSELL MEDICAL CENTER,35010,93.0,90.0,92.0,89.0,88.0,83.0,88.0,83.0,90.0,90.0,90.15797476073607,-0.1579747607360673,Underperforming
38,MEDICAL CENTER BARBOUR,36027,89.0,88.0,92.0,86.0,87.0,85.0,88.0,77.0,85.0,84.0,85.9813681523313,-0.9813681523312994,Underperforming
39,CLAY COUNTY HOSPITAL,36251,94.0,92.0,98.0,92.0,90.0,92.0,85.0,86.0,94.0,91.0,92.40859116333812,1.5914088366618842,Overperforming
40,NORTHEAST ALABAMA REGIONAL MEDICAL CENTER,36207,92.0,84.0,91.0,85.0,87.0,77.0,86.0,81.0,87.0,86.0,87.07432783297382,-0.07432783297382173,Underperforming
41,ATHENS LIMESTONE HOSPITAL,35611,93.0,87.0,93.0,83.0,87.0,80.0,89.0,82.0,87.0,88.0,88.82610683247835,-1.8261068324783452,Underperforming
42,SOUTH BALDWIN REGIONAL MEDICAL CENTER,36535,94.0,90.0,91.0,90.0,87.0,84.0,89.0,84.0,91.0,91.0,90.7373845236508,0.2626154763491968,Overperforming
43,DECATUR MORGAN HOSPITAL-DECATUR CAMPUS,35601,93.0,89.0,94.0,84.0,83.0,77.0,86.0,81.0,87.0,85.0,87.58598830797978,-0.5859883079797754,Underperforming
44,NORTHWEST MEDICAL CENTER,35594,94.0,89.0,95.0,91.0,89.0,83.0,92.0,82.0,89.0,90.0,90.54023440314981,-1.5402344031498103,Underperforming
45,UNIVERSITY OF SOUTH ALABAMA MEDICAL CENTER,36617,91.0,85.0,91.0,85.0,84.0,81.0,85.0,80.0,88.0,89.0,88.41220219789506,-0.41220219789505563,Underperforming
46,WALKER BAPTIST MEDICAL CENTER,35502,91.0,82.0,91.0,87.0,81.0,79.0,87.0,80.0,86.0,84.0,85.47196547932388,0.5280345206761154,Overperforming
47,PROVIDENCE HOSPITAL,36608,90.0,85.0,91.0,88.0,82.0,76.0,84.0,81.0,88.0,89.0,88.07951425670497,-0.07951425670496803,Underperforming
48,GROVE HILL MEMORIAL HOSPITAL,36451,90.0,86.0,96.0,86.0,86.0,75.0,81.0,78.0,87.0,83.0,86.05464981455803,0.945350185441967,Overperforming
49,D C H REGIONAL MEDICAL CENTER,35401,90.0,84.0,91.0,81.0,85.0,74.0,84.0,79.0,85.0,85.0,85.98827877607475,-0.9882787760747505,Underperforming
50,HALE COUNTY HOSPITAL,36744,0.0,0.0,0.0,0.0,0.0,0.0,0.0,0.0,0.0,0.0,-0.3123406592635265,0.3123406592635265,Overperforming
51,ELMORE COMMUNITY HOSPITAL,36092,94.0,84.0,96.0,91.0,90.0,91.0,86.0,83.0,89.0,89.0,90.18466904159105,-1.1846690415910501,Underperforming
52,D W MCMILLAN MEMORIAL HOSPITAL,36426,92.0,89.0,92.0,92.0,86.0,84.0,85.0,80.0,90.0,86.0,87.89102425023458,2.1089757497654205,Overperforming
53,THOMAS HOSPITAL,36532,92.0,87.0,92.0,88.0,85.0,84.0,91.0,84.0,90.0,91.0,89.98243925125263,0.017560748747371235,Overperforming
54,CITIZENS BAPTIST MEDICAL CENTER,35161,93.0,92.0,92.0,91.0,88.0,81.0,88.0,84.0,91.0,88.0,89.39022413478088,1.6097758652191203,Overperforming
55,J PAUL JONES HOSPITAL,36726,0.0,0.0,0.0,0.0,0.0,0.0,0.0,0.0,0.0,0.0,-0.31250685714435006,0.31250685714435006,Overperforming
56,PRINCETON BAPTIST MEDICAL CENTER,35211,90.0,81.0,92.0,83.0,84.0,77.0,87.0,81.0,88.0,88.0,87.27791404819692,0.7220859518030807,Overperforming
57,GRANDVIEW MEDICAL CENTER,35243,91.0,87.0,93.0,86.0,88.0,80.0,86.0,84.0,90.0,91.0,90.05254133981465,-0.05254133981465259,Underperforming
58,PRATTVILLE BAPTIST HOSPITAL,36067,91.0,92.0,93.0,87.0,84.0,81.0,90.0,83.0,89.0,89.0,89.32301587875648,-0.32301587875647897,Underperforming
59,PICKENS COUNTY MEDICAL CENTER,35447,0.0,0.0,0.0,0.0,0.0,0.0,0.0,0.0,0.0,0.0,-0.3243161398984227,0.3243161398984227,Overperforming
60,BULLOCK COUNTY HOSPITAL,36089,0.0,0.0,0.0,0.0,0.0,0.0,0.0,0.0,0.0,0.0,-0.3183884154823831,0.3183884154823831,Overperforming
61,BRYAN W. WHITFIELD MEMORIAL HOSPITAL,36732,0.0,0.0,0.0,0.0,0.0,0.0,0.0,0.0,0.0,0.0,-0.3124514578507422,0.3124514578507422,Overperforming
62,MOBILE INFIRMARY MEDICAL CENTER,36652,91.0,87.0,92.0,87.0,84.0,84.0,88.0,82.0,89.0,90.0,89.28139369218334,-0.2813936921833431,Underperforming
63,"MEDICAL WEST, AN AFFILIATE OF UAB HEALTH SYSTEM",35021,88.0,83.0,91.0,82.0,84.0,74.0,85.0,80.0,86.0,86.0,85.89600612861608,0.10399387138392058,Overperforming
64,VAUGHAN REGIONAL MEDICAL CENTER PARKWAY CAMPUS,36701,86.0,84.0,90.0,81.0,85.0,72.0,80.0,78.0,84.0,79.0,82.15107145442457,1.8489285455754327,Overperforming
65,MONROE COUNTY HOSPITAL,36460,94.0,91.0,95.0,93.0,88.0,86.0,90.0,82.0,91.0,90.0,90.8767666064592,0.12323339354080076,Overperforming
66,LAKELAND COMMUNITY HOSPITAL,35565,94.0,93.0,94.0,87.0,88.0,86.0,89.0,83.0,89.0,90.0,90.99252553252094,-1.9925255325209434,Underperforming
67,TROY REGIONAL MEDICAL CENTER,36081,92.0,84.0,92.0,91.0,86.0,82.0,86.0,81.0,86.0,84.0,86.36064499940626,-0.3606449994062615,Underperforming
68,JACKSON MEDICAL CENTER,36545,0.0,0.0,0.0,0.0,0.0,0.0,0.0,0.0,0.0,0.0,-0.31417806916818675,0.31417806916818675,Overperforming
69,NORTH BALDWIN INFIRMARY,36507,92.0,89.0,92.0,88.0,87.0,84.0,87.0,82.0,89.0,88.0,88.87641193331504,0.12358806668495959,Overperforming
70,ST VINCENT'S ST CLAIR,35125,91.0,90.0,93.0,87.0,86.0,84.0,87.0,84.0,90.0,90.0,89.88156456017423,0.11843543982577387,Overperforming
71,CRESTWOOD MEDICAL CENTER,35801,88.0,84.0,90.0,81.0,84.0,78.0,87.0,82.0,87.0,88.0,86.93699189919896,0.06300810080104213,Overperforming
73,BROOKWOOD BAPTIST MEDICAL CENTER,35209,90.0,86.0,91.0,85.0,82.0,79.0,88.0,82.0,87.0,87.0,87.16524093866863,-0.16524093866863154,Underperforming
74,SPRINGHILL MEMORIAL HOSPITAL,36608,91.0,87.0,92.0,86.0,84.0,80.0,88.0,82.0,89.0,89.0,88.69160154795246,0.3083984520475411,Overperforming
75,RMC JACKSONVILLE,36265,0.0,0.0,0.0,0.0,0.0,0.0,0.0,0.0,0.0,0.0,-0.31676336953655293,0.31676336953655293,Overperforming
76,EVERGREEN MEDICAL CENTER,36401,90.0,86.0,94.0,84.0,85.0,84.0,85.0,79.0,86.0,87.0,87.80119296055642,-1.8011929605564205,Underperforming
77,BAPTIST MEDICAL CENTER EAST,36117,92.0,86.0,92.0,85.0,86.0,78.0,87.0,84.0,90.0,92.0,90.37036192655185,-0.3703619265518512,Underperforming
78,L V STABLER MEMORIAL HOSPITAL,36037,91.0,82.0,93.0,86.0,89.0,89.0,91.0,81.0,87.0,91.0,89.52570133206967,-2.525701332069673,Underperforming
79,SHOALS HOSPITAL,35661,93.0,89.0,92.0,85.0,88.0,78.0,89.0,83.0,90.0,91.0,90.36464167243562,-0.3646416724356243,Underperforming
80,RUSSELLVILLE HOSPITAL,35653,92.0,89.0,95.0,87.0,87.0,80.0,90.0,83.0,88.0,86.0,88.12759691298534,-0.12759691298533937,Underperforming
81,COOSA VALLEY MEDICAL CENTER,35150,90.0,87.0,92.0,83.0,85.0,80.0,85.0,80.0,86.0,84.0,86.10708119035029,-0.10708119035028574,Underperforming
82,JACK HUGHSTON MEMORIAL HOSPITAL,36867,95.0,93.0,95.0,92.0,93.0,88.0,91.0,88.0,94.0,95.0,94.10914894215028,-0.10914894215028426,Underperforming
83,ATMORE COMMUNITY HOSPITAL,36502,91.0,88.0,94.0,86.0,85.0,82.0,91.0,81.0,87.0,85.0,87.07187833380394,-0.07187833380393727,Underperforming
84,ST VINCENT'S CHILTON,35045,96.0,91.0,94.0,95.0,90.0,88.0,89.0,86.0,95.0,96.0,94.36789071405447,0.632109285945532,Overperforming
85,WASHINGTON COUNTY HOSPITAL,36518,0.0,0.0,0.0,0.0,0.0,0.0,0.0,0.0,0.0,0.0,-0.31442736598942206,0.31442736598942206,Overperforming
86,RED BAY HOSPITAL,35582,0.0,0.0,0.0,0.0,0.0,0.0,0.0,0.0,0.0,0.0,-0.3230696557922461,0.3230696557922461,Overperforming
88,ST VINCENTS BLOUNT,35121,91.0,90.0,90.0,92.0,88.0,89.0,89.0,82.0,91.0,89.0,89.06140183222873,1.938598167771275,Overperforming
91,PROVIDENCE ALASKA MEDICAL CENTER,99508,91.0,87.0,91.0,84.0,79.0,76.0,88.0,82.0,89.0,91.0,89.82973674218185,-0.8297367421818507,Underperforming
92,MAT-SU REGIONAL MEDICAL CENTER,99645,90.0,88.0,89.0,84.0,81.0,80.0,89.0,83.0,86.0,86.0,87.20494371252843,-1.2049437125284328,Underperforming
93,BARTLETT REGIONAL HOSPITAL,99801,93.0,90.0,93.0,89.0,87.0,81.0,87.0,82.0,90.0,92.0,91.7688540389095,-1.7688540389094953,Underperforming
94,FAIRBANKS MEMORIAL HOSPITAL,99701,92.0,90.0,92.0,89.0,83.0,81.0,88.0,81.0,88.0,89.0,89.76577510126643,-1.7657751012664278,Underperforming
95,ALASKA REGIONAL HOSPITAL,99508,90.0,85.0,91.0,88.0,83.0,80.0,88.0,83.0,87.0,88.0,88.24367714713071,-1.243677147130711,Underperforming
96,YUKON KUSKOKWIM DELTA REG HOSPITAL,99559,89.0,84.0,88.0,80.0,77.0,80.0,82.0,75.0,87.0,83.0,84.81469926225776,2.1853007377422387,Overperforming
97,CENTRAL PENINSULA GENERAL HOSPITAL,99669,90.0,87.0,91.0,82.0,83.0,80.0,90.0,81.0,89.0,90.0,89.24699585378471,-0.24699585378471056,Underperforming
98,ALASKA NATIVE MEDICAL CENTER,99508,90.0,86.0,90.0,85.0,75.0,80.0,86.0,80.0,87.0,87.0,87.42371018847143,-0.42371018847143205,Underperforming
101,SITKA COMMUNITY HOSPITAL,99835,0.0,0.0,0.0,0.0,0.0,0.0,0.0,0.0,0.0,0.0,0.27019214623858223,-0.27019214623858223,Underperforming
104,PROVIDENCE KODIAK ISLAND MEDICAL CTR,99615,0.0,0.0,0.0,0.0,0.0,0.0,0.0,0.0,0.0,0.0,0.2681608388062946,-0.2681608388062946,Underperforming
106,NORTON SOUND REGIONAL HOSPITAL,99762,0.0,0.0,0.0,0.0,0.0,0.0,0.0,0.0,0.0,0.0,0.2695181214996868,-0.2695181214996868,Underperforming
109,KETCHIKAN MEDICAL CENTER,99901,93.0,92.0,93.0,93.0,84.0,84.0,88.0,83.0,90.0,88.0,90.04058392551656,-0.04058392551655743,Underperforming
111,SOUTH PENINSULA HOSPITAL,99603,93.0,91.0,92.0,89.0,83.0,79.0,94.0,85.0,90.0,92.0,91.40960354143866,-1.4096035414386563,Underperforming
113,BANNER - UNIVERSITY MEDICAL CENTER PHOENIX,85006,90.0,85.0,91.0,87.0,75.0,78.0,90.0,81.0,89.0,89.0,88.13131140943274,0.8686885905672597,Overperforming
114,TUCSON MEDICAL CENTER,85712,89.0,82.0,89.0,81.0,76.0,76.0,86.0,81.0,87.0,89.0,87.45097664474252,-0.45097664474252497,Underperforming
115,VERDE VALLEY MEDICAL CENTER,86326,92.0,81.0,90.0,86.0,79.0,77.0,91.0,82.0,88.0,86.0,86.69762028732073,1.3023797126792687,Overperforming
116,ST. MARY'S HOSPITAL,85745,88.0,86.0,90.0,83.0,77.0,78.0,88.0,80.0,86.0,86.0,86.3079808754049,-0.30798087540489405,Underperforming
117,ST JOSEPH'S HOSPITAL,85711,88.0,89.0,88.0,83.0,77.0,77.0,87.0,81.0,85.0,85.0,85.91007878561572,-0.910078785615724,Underperforming
118,YAVAPAI REGIONAL MEDICAL CENTER,86301,92.0,86.0,90.0,87.0,76.0,77.0,87.0,81.0,89.0,90.0,89.14820298235804,-0.1482029823580433,Underperforming
119,YUMA REGIONAL MEDICAL CENTER,85364,89.0,86.0,86.0,83.0,81.0,72.0,83.0,79.0,85.0,84.0,85.14173842245292,-0.14173842245291723,Underperforming
120,JOHN C. LINCOLN NORTH MOUNTAIN HOSPITAL,85020,92.0,87.0,90.0,82.0,80.0,79.0,86.0,82.0,89.0,88.0,88.51363714757846,0.48636285242153576,Overperforming
121,BANNER CASA GRANDE MEDICAL CENTER,85122,90.0,86.0,91.0,81.0,79.0,78.0,88.0,81.0,86.0,86.0,86.97189555511807,-0.971895555118067,Underperforming
122,MARICOPA MEDICAL CENTER,85008,88.0,81.0,90.0,79.0,73.0,76.0,84.0,80.0,87.0,85.0,85.2621572150644,1.7378427849355944,Overperforming
123,FLAGSTAFF MEDICAL CENTER,86001,91.0,83.0,92.0,86.0,77.0,81.0,87.0,81.0,89.0,90.0,89.02192583905503,-0.021925839055029428,Underperforming
124,ST. JOSEPH'S HOSPITAL AND MEDICAL CENTER,85013,91.0,85.0,90.0,84.0,80.0,78.0,85.0,81.0,90.0,90.0,89.03307727189696,0.966922728103043,Overperforming
125,ABRAZO CENTRAL CAMPUS,85015,87.0,87.0,87.0,82.0,80.0,79.0,83.0,77.0,84.0,82.0,84.04404643647152,-0.04404643647151829,Underperforming
126,CHANDLER REGIONAL MEDICAL CENTER,85224,92.0,83.0,89.0,86.0,78.0,78.0,88.0,82.0,88.0,88.0,87.82337736057524,0.17662263942476386,Overperforming
127,ST LUKE'S MEDICAL CENTER,85006,88.0,85.0,89.0,81.0,79.0,73.0,84.0,79.0,84.0,82.0,84.17427679444121,-0.17427679444121225,Underperforming
128,SCOTTSDALE OSBORN MEDICAL CENTER,85251,90.0,81.0,89.0,85.0,75.0,74.0,83.0,79.0,88.0,87.0,86.5645661446375,1.4354338553625041,Overperforming
129,CANYON VISTA MEDICAL CENTER,85635,89.0,86.0,87.0,81.0,80.0,72.0,84.0,80.0,84.0,81.0,83.79501145053328,0.2049885494667194,Overperforming
130,KINGMAN REGIONAL MEDICAL CENTER,86409,92.0,89.0,89.0,85.0,81.0,79.0,87.0,81.0,88.0,86.0,87.60054409643229,0.39945590356771277,Overperforming
131,BANNER BOSWELL MEDICAL CENTER,85351,91.0,85.0,89.0,86.0,74.0,79.0,89.0,83.0,87.0,88.0,87.70551651107502,-0.7055165110750181,Underperforming
132,SUMMIT HEALTHCARE REGIONAL MEDICAL CENTER,85901,91.0,89.0,89.0,89.0,79.0,75.0,83.0,79.0,89.0,88.0,88.25432679610822,0.7456732038917835,Overperforming
133,BANNER - UNIVERSITY MEDICAL CENTER TUCSON CAMPUS,85724,86.0,79.0,87.0,81.0,74.0,75.0,82.0,79.0,84.0,85.0,84.27078003278824,-0.27078003278823815,Underperforming
134,BANNER DESERT MEDICAL CENTER,85202,89.0,82.0,88.0,83.0,77.0,76.0,87.0,81.0,86.0,87.0,86.35066297334467,-0.35066297334466867,Underperforming
135,MT. GRAHAM REGIONAL MEDICAL CENTER,85546,92.0,86.0,92.0,90.0,81.0,84.0,89.0,83.0,89.0,89.0,89.28245532168243,-0.28245532168243415,Underperforming
136,HAVASU REGIONAL MEDICAL CENTER,86403,88.0,86.0,88.0,82.0,73.0,75.0,89.0,79.0,86.0,82.0,83.83461210631134,2.16538789368866,Overperforming
137,FORT DEFIANCE INDIAN HOSPITAL,86504,86.0,83.0,88.0,81.0,85.0,77.0,74.0,80.0,88.0,82.0,84.1089761357832,3.8910238642168054,Overperforming
138,TUBA CITY REGIONAL HEALTH CARE CORPORATION,86045,87.0,91.0,89.0,86.0,84.0,78.0,93.0,87.0,83.0,81.0,84.3684808963292,-1.3684808963292028,Underperforming
142,ABRAZO SCOTTSDALE CAMPUS,85032,89.0,86.0,90.0,81.0,79.0,79.0,85.0,79.0,85.0,83.0,85.23266861734837,-0.23266861734836652,Underperforming
143,CHINLE COMPREHENSIVE HEALTH CARE FACILITY,86503,88.0,91.0,92.0,88.0,85.0,79.0,94.0,87.0,83.0,82.0,85.5053088404938,-2.5053088404937967,Underperforming
144,NORTHWEST MEDICAL CENTER,85741,87.0,83.0,89.0,83.0,74.0,77.0,86.0,81.0,85.0,84.0,84.67147948798875,0.3285205120112522,Overperforming
145,SCOTTSDALE SHEA MEDICAL CENTER,85260,91.0,86.0,90.0,84.0,80.0,76.0,83.0,80.0,89.0,90.0,89.12066183811524,-0.12066183811523956,Underperforming
146,BANNER BAYWOOD MEDICAL CENTER,85206,90.0,85.0,86.0,81.0,77.0,78.0,86.0,80.0,85.0,86.0,86.17143416615389,-1.1714341661538867,Underperforming
147,BANNER THUNDERBIRD MEDICAL CENTER,85306,88.0,77.0,88.0,80.0,77.0,75.0,87.0,82.0,86.0,88.0,86.10599939335356,-0.10599939335355657,Underperforming
148,HONORHEALTH DEER VALLEY MEDICAL CENTER,85027,91.0,89.0,88.0,83.0,78.0,77.0,84.0,79.0,87.0,87.0,87.59520303211347,-0.5952030321134743,Underperforming
149,BANNER DEL E. WEBB MEDICAL CENTER,85375,89.0,82.0,88.0,82.0,75.0,75.0,88.0,83.0,87.0,88.0,86.77781524425423,0.22218475574577212,Overperforming
150,ABRAZO ARROWHEAD CAMPUS,85308,89.0,85.0,89.0,83.0,77.0,77.0,85.0,80.0,86.0,86.0,86.37113711093667,-0.37113711093667234,Underperforming
151,WESTERN ARIZONA REGIONAL MEDICAL CENTER,86442,87.0,85.0,84.0,83.0,74.0,74.0,82.0,78.0,84.0,82.0,83.20342634477669,0.7965736552233125,Overperforming
152,MAYO CLINIC HOSPITAL,85054,95.0,93.0,94.0,93.0,87.0,87.0,92.0,88.0,96.0,97.0,95.13047339769399,0.86952660230601,Overperforming
153,BANNER HEART HOSPITAL,85206,92.0,86.0,90.0,88.0,75.0,82.0,89.0,83.0,90.0,92.0,90.20430272654869,-0.20430272654868986,Underperforming
154,ARIZONA SPINE AND JOINT HOSPITAL,85206,97.0,94.0,95.0,95.0,85.0,87.0,94.0,88.0,95.0,96.0,95.1951228211324,-0.19512282113240076,Underperforming
155,"CORE INSTITUTE SPECIALTY HOSPITAL, THE",85015,94.0,92.0,92.0,93.0,87.0,84.0,92.0,85.0,91.0,92.0,91.94169528289922,-0.941695282899218,Underperforming
156,ABRAZO WEST CAMPUS,85395,88.0,85.0,88.0,83.0,78.0,79.0,85.0,80.0,85.0,82.0,84.17495630169887,0.8250436983011298,Overperforming
157,BANNER-UNIVERSITY MEDICAL CENTER SOUTH CAMPUS,85713,87.0,83.0,89.0,79.0,72.0,74.0,84.0,80.0,85.0,85.0,85.03342639964276,-0.03342639964276373,Underperforming
158,ARIZONA SPECIALTY HOSPITAL,85224,97.0,93.0,93.0,93.0,92.0,88.0,93.0,87.0,95.0,95.0,94.58875285648242,0.41124714351758485,Overperforming
159,WHITERIVER PHS INDIAN HOSPITAL,85941,0.0,0.0,0.0,0.0,0.0,0.0,0.0,0.0,0.0,0.0,0.14190584867401201,-0.14190584867401201,Underperforming
160,ORO VALLEY HOSPITAL,85755,91.0,89.0,90.0,88.0,80.0,78.0,88.0,84.0,90.0,91.0,89.94302910734964,0.056970892650355154,Overperforming
161,BANNER ESTRELLA MEDICAL CENTER,85037,92.0,86.0,93.0,84.0,83.0,81.0,87.0,82.0,90.0,91.0,90.37882926238629,-0.3788292623862901,Underperforming
162,VALLEY VIEW MEDICAL CENTER,86426,90.0,91.0,89.0,87.0,83.0,80.0,86.0,82.0,88.0,89.0,88.97966915513192,-0.9796691551319157,Underperforming
163,MERCY GILBERT MEDICAL CENTER,85297,92.0,88.0,90.0,84.0,82.0,79.0,88.0,83.0,90.0,90.0,89.61661809261435,0.3833819073856546,Overperforming
164,"MOUNTAIN VISTA MEDICAL CENTER, LP",85209,86.0,78.0,88.0,80.0,80.0,72.0,82.0,77.0,83.0,81.0,82.40950293202415,0.5904970679758463,Overperforming
165,BANNER GATEWAY MEDICAL CENTER,85234,91.0,81.0,90.0,85.0,83.0,79.0,88.0,82.0,89.0,90.0,88.68202459479359,0.3179754052064112,Overperforming
166,SCOTTSDALE THOMPSON PEAK MEDICAL CENTER,85255,93.0,87.0,92.0,86.0,87.0,79.0,84.0,84.0,91.0,92.0,91.31654660328743,-0.3165466032874349,Underperforming
167,BANNER IRONWOOD MEDICAL CENTER,85140,92.0,89.0,92.0,88.0,86.0,82.0,91.0,85.0,91.0,91.0,90.65178685067792,0.3482131493220777,Overperforming
168,O.A.S.I.S. HOSPITAL,85008,95.0,92.0,93.0,91.0,86.0,84.0,92.0,85.0,94.0,95.0,93.70280227331199,0.2971977266880117,Overperforming
169,BANNER GOLDFIELD MEDICAL CENTER,85120,92.0,85.0,90.0,90.0,80.0,79.0,88.0,84.0,89.0,90.0,89.30075979502325,-0.3007597950232537,Underperforming
170,DIGNITY HEALTH - ARIZONA GENERAL HOSPITAL,85339,0.0,0.0,0.0,0.0,0.0,0.0,0.0,0.0,0.0,0.0,0.13634745288202477,-0.13634745288202477,Underperforming
171,SANTA CRUZ VALLEY REGIONAL HOSPITAL,85614,87.0,87.0,84.0,80.0,78.0,68.0,75.0,77.0,84.0,85.0,85.02544644413705,-1.0254464441370459,Underperforming
173,WICKENBURG COMMUNITY HOSPITAL,85390,94.0,92.0,94.0,94.0,87.0,84.0,85.0,83.0,90.0,89.0,90.95172749367046,-0.9517274936704609,Underperforming
174,BENSON HOSPITAL,85602,0.0,0.0,0.0,0.0,0.0,0.0,0.0,0.0,0.0,0.0,0.1387757885851687,-0.1387757885851687,Underperforming
175,"NORTHERN COCHISE COMMUNITY HOSPITAL, INC.",85643,0.0,0.0,0.0,0.0,0.0,0.0,0.0,0.0,0.0,0.0,0.13915435042482238,-0.13915435042482238,Underperforming
176,PAGE HOSPITAL,86040,0.0,0.0,0.0,0.0,0.0,0.0,0.0,0.0,0.0,0.0,0.14281993701854157,-0.14281993701854157,Underperforming
180,SAGE MEMORIAL HOSPITAL,86505,0.0,0.0,0.0,0.0,0.0,0.0,0.0,0.0,0.0,0.0,0.14711338227314963,-0.14711338227314963,Underperforming
181,LITTLE COLORADO MEDICAL CENTER,86047,91.0,88.0,92.0,86.0,80.0,84.0,90.0,82.0,88.0,87.0,88.18880374491866,-0.18880374491865837,Underperforming
182,COPPER QUEEN COMMUNITY HOSPITAL,85603,0.0,0.0,0.0,0.0,0.0,0.0,0.0,0.0,0.0,0.0,0.13878502180077001,-0.13878502180077001,Underperforming
183,HOLY CROSS HOSPITAL,85621,92.0,96.0,91.0,88.0,80.0,83.0,91.0,81.0,88.0,86.0,88.50994462134281,-0.5099446213428109,Underperforming
184,COBRE VALLEY REGIONAL MEDICAL CENTER,85501,91.0,86.0,89.0,88.0,83.0,77.0,86.0,81.0,87.0,87.0,87.6066185908368,-0.6066185908368027,Underperforming
185,WHITE MOUNTAIN REGIONAL MEDICAL CENTER,85938,0.0,0.0,0.0,0.0,0.0,0.0,0.0,0.0,0.0,0.0,0.14187814902720808,-0.14187814902720808,Underperforming
186,LA PAZ REGIONAL HOSPITAL,85344,90.0,83.0,88.0,84.0,80.0,80.0,88.0,80.0,85.0,84.0,85.35953487638942,-0.35953487638941795,Underperforming
190,SILOAM SPRINGS REGIONAL HOSPITAL,72761,92.0,91.0,91.0,88.0,85.0,83.0,88.0,81.0,88.0,88.0,89.11653935132628,-1.1165393513262813,Underperforming
191,JOHNSON REGIONAL MEDICAL CENTER,72830,91.0,93.0,90.0,88.0,89.0,75.0,87.0,81.0,89.0,89.0,89.4048617152478,-0.40486171524780445,Underperforming
192,WASHINGTON REGIONAL MEDICAL CENTER,72703,91.0,88.0,92.0,85.0,84.0,78.0,86.0,82.0,89.0,90.0,89.62583113831909,-0.6258311383190858,Underperforming
193,CHI-ST VINCENT INFIRMARY,72205,88.0,82.0,90.0,81.0,81.0,75.0,82.0,81.0,85.0,85.0,85.59380226087686,-0.5938022608768563,Underperforming
194,MERCY HOSPITAL NORTHWEST ARKANSAS,72758,90.0,89.0,91.0,84.0,80.0,77.0,87.0,82.0,89.0,91.0,89.6609231254784,-0.6609231254784049,Underperforming
195,CHAMBERS MEMORIAL HOSPITAL,72833,95.0,96.0,94.0,89.0,91.0,83.0,80.0,83.0,90.0,90.0,92.21404287960902,-2.214042879609025,Underperforming
196,WHITE COUNTY MEDICAL CENTER,72143,91.0,89.0,91.0,87.0,84.0,81.0,86.0,81.0,88.0,86.0,87.70865756958727,0.2913424304127261,Overperforming
197,MENA REGIONAL HEALTH SYSTEM,71953,0.0,0.0,0.0,0.0,0.0,0.0,0.0,0.0,0.0,0.0,0.012751628842918916,-0.012751628842918916,Underperforming
198,UAMS MEDICAL CENTER,72205,90.0,83.0,91.0,81.0,84.0,77.0,84.0,81.0,89.0,90.0,88.75536376090739,0.244636239092614,Overperforming
199,NORTH ARKANSAS REGIONAL MEDICAL CENTER,72601,90.0,90.0,92.0,87.0,88.0,76.0,86.0,80.0,87.0,83.0,86.24485179999903,0.7551482000009742,Overperforming
200,SPARKS MEDICAL CENTER - VAN BUREN,72956,90.0,92.0,87.0,91.0,88.0,75.0,85.0,79.0,87.0,84.0,86.24855191507334,0.7514480849266647,Overperforming
201,FORREST CITY MEDICAL CENTER,72335,92.0,91.0,92.0,86.0,87.0,82.0,83.0,81.0,87.0,84.0,87.53353105186284,-0.5335310518628376,Underperforming
202,ST BERNARDS MEDICAL CENTER,72401,92.0,88.0,93.0,84.0,86.0,79.0,88.0,82.0,90.0,91.0,90.4739566054288,-0.47395660542879625,Underperforming
203,NORTHWEST MEDICAL CENTER-SPRINGDALE,72764,89.0,88.0,90.0,82.0,81.0,77.0,86.0,80.0,86.0,86.0,86.78441337725437,-0.7844133772543671,Underperforming
204,CHI ST. VINCENT HOSPITAL HOT SPRINGS,71903,89.0,84.0,90.0,82.0,81.0,78.0,86.0,81.0,87.0,87.0,86.91429210887125,0.08570789112874877,Overperforming
205,BAXTER REGIONAL MEDICAL CENTER,72653,93.0,86.0,92.0,87.0,86.0,79.0,90.0,83.0,91.0,92.0,90.8141256742247,0.18587432577530194,Overperforming
206,CONWAY REGIONAL MEDICAL CENTER,72034,93.0,87.0,93.0,87.0,86.0,80.0,83.0,83.0,91.0,91.0,90.84314432001801,0.15685567998198735,Overperforming
207,BAPTIST HEALTH MEDICAL CENTER NORTH LITTLE ROCK,72117,92.0,87.0,93.0,84.0,82.0,78.0,86.0,83.0,89.0,90.0,89.84217159142071,-0.8421715914207084,Underperforming
208,ARKANSAS METHODIST MEDICAL CENTER,72450,91.0,88.0,92.0,85.0,88.0,76.0,84.0,80.0,87.0,84.0,86.80835534139759,0.19164465860241364,Overperforming
209,ST MARYS REGIONAL MEDICAL CENTER,72801,87.0,84.0,89.0,81.0,76.0,75.0,85.0,78.0,84.0,80.0,82.65812987399795,1.3418701260020498,Overperforming
210,FIVE RIVERS MEDICAL CENTER,72455,91.0,93.0,91.0,87.0,86.0,80.0,89.0,82.0,89.0,88.0,89.04854586930679,-0.04854586930679261,Underperforming
211,OUACHITA COUNTY MEDICAL CENTER,71701,91.0,90.0,96.0,90.0,88.0,79.0,87.0,82.0,90.0,86.0,88.56386518247984,1.4361348175201556,Overperforming
212,DREW MEMORIAL HOSPITAL,71655,90.0,87.0,95.0,85.0,83.0,82.0,83.0,83.0,88.0,89.0,89.43307508362453,-1.43307508362453,Underperforming
213,SPARKS REGIONAL MEDICAL CENTER,72902,87.0,85.0,87.0,83.0,82.0,76.0,84.0,80.0,85.0,86.0,85.7197759826799,-0.7197759826799057,Underperforming
214,MERCY HOSPITAL FORT SMITH,72917,91.0,87.0,92.0,87.0,81.0,78.0,88.0,83.0,90.0,92.0,90.36326529271281,-0.3632652927128106,Underperforming
215,MAGNOLIA HOSPITAL,71754,90.0,91.0,93.0,86.0,86.0,83.0,87.0,78.0,86.0,81.0,85.51414434708576,0.48585565291423904,Overperforming
216,GREAT RIVER MEDICAL CENTER,72315,90.0,86.0,90.0,89.0,85.0,75.0,83.0,78.0,85.0,79.0,83.55806827959445,1.4419317204055488,Overperforming
217,JEFFERSON REGIONAL MEDICAL CENTER,71603,89.0,85.0,91.0,86.0,82.0,77.0,86.0,80.0,86.0,84.0,85.68365732272751,0.31634267727248755,Overperforming
218,BAPTIST HEALTH MEDICAL CENTER-STUTTGART,72160,97.0,88.0,97.0,94.0,91.0,90.0,90.0,86.0,94.0,93.0,93.62741065202967,0.37258934797033305,Overperforming
219,NORTH METRO MEDICAL CENTER,72076,84.0,84.0,83.0,83.0,82.0,69.0,73.0,74.0,78.0,73.0,78.14539119389356,-0.14539119389355903,Underperforming
220,BAPTIST HEALTH MEDICAL CENTER-HOT SPRINGS COUNTY,72104,95.0,98.0,95.0,95.0,94.0,86.0,87.0,84.0,92.0,91.0,93.00309813905922,-1.0030981390592189,Underperforming
221,NATIONAL PARK MEDICAL CENTER,71901,86.0,83.0,88.0,78.0,80.0,74.0,83.0,79.0,84.0,86.0,85.28805488676807,-1.288054886768066,Underperforming
222,SALINE MEMORIAL HOSPITAL,72015,87.0,85.0,90.0,84.0,85.0,75.0,83.0,80.0,85.0,84.0,85.2605865255048,-0.2605865255048059,Underperforming
223,HELENA REGIONAL MEDICAL CENTER,72342,91.0,91.0,91.0,88.0,87.0,81.0,81.0,79.0,86.0,82.0,86.19465004343067,-0.19465004343066994,Underperforming
224,MEDICAL CENTER OF SOUTH ARKANSAS,71730,91.0,88.0,92.0,87.0,82.0,78.0,86.0,82.0,88.0,84.0,86.66762405575946,1.332375944240539,Overperforming
225,BAPTIST HEALTH MEDICAL CENTER-LITTLE ROCK,72205,91.0,85.0,91.0,81.0,85.0,75.0,84.0,81.0,89.0,90.0,89.15906507514882,-0.15906507514881696,Underperforming
226,NEA BAPTIST MEMORIAL HOSPITAL,72401,92.0,83.0,92.0,85.0,86.0,80.0,86.0,82.0,91.0,92.0,90.414772585456,0.5852274145439935,Overperforming
227,WHITE RIVER MEDICAL CENTER,72503,91.0,88.0,90.0,86.0,85.0,77.0,87.0,81.0,88.0,87.0,87.84624978192645,0.15375021807355438,Overperforming
229,"ARKANSAS HEART HOSPITAL, LLC",72211,95.0,93.0,96.0,93.0,89.0,85.0,87.0,87.0,96.0,98.0,95.91917379923729,0.08082620076271496,Overperforming
230,ST VINCENT MEDICAL CENTER/NORTH,72120,90.0,84.0,90.0,86.0,84.0,78.0,83.0,84.0,88.0,87.0,87.46568273062414,0.5343172693758618,Overperforming
231,ARKANSAS SURGICAL HOSPITAL,72118,95.0,93.0,95.0,91.0,95.0,86.0,92.0,87.0,95.0,96.0,94.85235683101126,0.1476431689887363,Overperforming
232,NORTHWEST HEALTH PHYSICIANS SPECIALTY HOSPITAL,72703,93.0,88.0,94.0,89.0,89.0,84.0,90.0,86.0,91.0,92.0,91.63090978693702,-0.6309097869370248,Underperforming
233,WADLEY REGIONAL MEDICAL CENTER AT HOPE,71801,90.0,89.0,94.0,82.0,85.0,81.0,79.0,77.0,86.0,81.0,85.60215328463354,0.39784671536645533,Overperforming
234,BAPTIST HEALTH MEDICAL CENTER-CONWAY,72032,94.0,86.0,93.0,86.0,93.0,80.0,88.0,84.0,92.0,93.0,92.00314726448022,-0.0031472644802192917,Underperforming
236,NORTH LOGAN MERCY HOSPITAL,72855,0.0,0.0,0.0,0.0,0.0,0.0,0.0,0.0,0.0,0.0,0.02107998931529853,-0.02107998931529853,Underperforming
237,RIVER VALLEY MEDICAL CENTER,72834,0.0,0.0,0.0,0.0,0.0,0.0,0.0,0.0,0.0,0.0,0.02088609178767109,-0.02088609178767109,Underperforming
238,MERCY HOSPITAL TURNER MEMORIAL,72949,0.0,0.0,0.0,0.0,0.0,0.0,0.0,0.0,0.0,0.0,0.02194791158182141,-0.02194791158182141,Underperforming
240,MERCY HOSPITAL WALDRON,72958,0.0,0.0,0.0,0.0,0.0,0.0,0.0,0.0,0.0,0.0,0.02203101052223322,-0.02203101052223322,Underperforming
241,"IZARD COUNTY MEDICAL CENTER, LLC",72519,0.0,0.0,0.0,0.0,0.0,0.0,0.0,0.0,0.0,0.0,0.017977628873259155,-0.017977628873259155,Underperforming
242,CROSSRIDGE COMMUNITY HOSPITAL,72396,96.0,91.0,97.0,89.0,90.0,88.0,84.0,86.0,94.0,92.0,93.35103419616937,0.6489658038306345,Overperforming
243,MCGEHEE HOSPITAL,71654,0.0,0.0,0.0,0.0,0.0,0.0,0.0,0.0,0.0,0.0,0.009990897378127861,-0.009990897378127861,Underperforming
244,LAWRENCE MEMORIAL HOSPITAL,72476,0.0,0.0,0.0,0.0,0.0,0.0,0.0,0.0,0.0,0.0,0.01758060060240285,-0.01758060060240285,Underperforming
246,HOWARD MEMORIAL HOSPITAL,71852,95.0,95.0,95.0,92.0,92.0,84.0,84.0,82.0,93.0,92.0,93.08632372163258,-0.0863237216325814,Underperforming
247,BAPTIST HEALTH MEDICAL CENTER HEBER SPINGS,72543,95.0,92.0,95.0,91.0,89.0,88.0,93.0,86.0,93.0,91.0,92.13064024184209,0.8693597581579127,Overperforming
248,OZARK HEALTH,72031,0.0,0.0,0.0,0.0,0.0,0.0,0.0,0.0,0.0,0.0,0.013471819659820916,-0.013471819659820916,Underperforming
250,SOUTH MISSISSISSPI COUNTY REGIONAL MEDICAL CENTER,72370,0.0,0.0,0.0,0.0,0.0,0.0,0.0,0.0,0.0,0.0,0.016601879748664228,-0.016601879748664228,Underperforming
252,MERCY HOSPITAL BOONEVILLE,72927,0.0,0.0,0.0,0.0,0.0,0.0,0.0,0.0,0.0,0.0,0.02174478083859266,-0.02174478083859266,Underperforming
253,"DE QUEEN MEDICAL CENTER, INC",71832,0.0,0.0,0.0,0.0,0.0,0.0,0.0,0.0,0.0,0.0,0.011634409755160724,-0.011634409755160724,Underperforming
255,BAPTIST HEALTH MEDICAL CENTER-ARKADELPHIA,71923,94.0,96.0,95.0,88.0,88.0,85.0,89.0,86.0,92.0,90.0,91.85551347699774,0.14448652300225717,Overperforming
256,FULTON COUNTY HOSPITAL,72576,94.0,94.0,96.0,91.0,86.0,81.0,86.0,82.0,91.0,90.0,91.59372812445997,-0.5937281244599717,Underperforming
257,ASHLEY COUNTY MEDICAL CENTER,71635,95.0,95.0,93.0,92.0,89.0,87.0,90.0,83.0,91.0,89.0,91.17087672797498,-0.170876727974985,Underperforming
258,CHI ST VINCENT MORRILTON,72110,0.0,0.0,0.0,0.0,0.0,0.0,0.0,0.0,0.0,0.0,0.014201243692324228,-0.014201243692324228,Underperforming
259,DELTA MEMORIAL HOSPITAL,71639,0.0,0.0,0.0,0.0,0.0,0.0,0.0,0.0,0.0,0.0,0.009852399144108293,-0.009852399144108293,Underperforming
260,BRADLEY COUNTY MEDICAL CENTER,71671,0.0,0.0,0.0,0.0,0.0,0.0,0.0,0.0,0.0,0.0,0.010147862043350164,-0.010147862043350164,Underperforming
261,CHICOT MEMORIAL MEDICAL CENTER,71653,0.0,0.0,0.0,0.0,0.0,0.0,0.0,0.0,0.0,0.0,0.009981664162526549,-0.009981664162526549,Underperforming
262,MERCY HOSPITAL BERRYVILLE,72616,0.0,0.0,0.0,0.0,0.0,0.0,0.0,0.0,0.0,0.0,0.01887325078658597,-0.01887325078658597,Underperforming
263,PIGGOTT COMMUNITY HOSPITAL,72454,0.0,0.0,0.0,0.0,0.0,0.0,0.0,0.0,0.0,0.0,0.0173774698591741,-0.0173774698591741,Underperforming
267,ST ROSE HOSPITAL,94545,89.0,87.0,88.0,83.0,77.0,76.0,83.0,77.0,87.0,86.0,86.46156381099087,0.5384361890091327,Overperforming
268,ST JOSEPH HOSPITAL,95501,88.0,86.0,88.0,79.0,70.0,73.0,86.0,79.0,84.0,84.0,84.83289216555595,-0.8328921655559469,Underperforming
269,MILLS-PENINSULA MEDICAL CENTER,94010,92.0,90.0,92.0,85.0,83.0,80.0,86.0,83.0,92.0,94.0,92.23035338590496,-0.23035338590496224,Underperforming
270,CALIFORNIA PACIFIC MEDICAL CTR-DAVIES CAMPUS HOSP,94117,91.0,86.0,92.0,82.0,76.0,77.0,85.0,82.0,88.0,90.0,89.36262710539422,-1.3626271053942247,Underperforming
271,QUEEN OF THE VALLEY MEDICAL CENTER,94558,89.0,86.0,90.0,84.0,70.0,75.0,84.0,79.0,86.0,87.0,86.8985332614997,-0.8985332614996935,Underperforming
272,ADVENTIST HEALTH ST HELENA,94574,91.0,89.0,90.0,85.0,77.0,79.0,89.0,82.0,88.0,90.0,89.35228117568799,-1.3522811756879918,Underperforming
273,SUTTER AMADOR HOSPITAL,95642,93.0,93.0,93.0,87.0,86.0,79.0,87.0,82.0,91.0,90.0,90.98137152937657,0.018628470623426097,Overperforming
274,MERCY GENERAL HOSPITAL,95819,92.0,88.0,91.0,84.0,81.0,80.0,88.0,82.0,91.0,91.0,90.28658897824405,0.7134110217559453,Overperforming
275,RIVERSIDE COMMUNITY HOSPITAL,92501,88.0,83.0,89.0,81.0,69.0,75.0,84.0,79.0,85.0,85.0,85.21474389289193,-0.2147438928919314,Underperforming
276,PARADISE VALLEY HOSPITAL,91950,85.0,87.0,83.0,81.0,77.0,72.0,82.0,76.0,83.0,81.0,82.3661265606786,0.6338734393214054,Overperforming
277,UC SAN DIEGO HEALTH HILLCREST - HILLCREST MED CTR,92103,92.0,87.0,92.0,86.0,83.0,79.0,89.0,84.0,92.0,92.0,90.84869780494338,1.1513021950566156,Overperforming
278,GROSSMONT HOSPITAL,91942,90.0,87.0,90.0,83.0,77.0,76.0,86.0,81.0,88.0,88.0,87.92827000782208,0.07172999217792153,Overperforming
279,MAD RIVER COMMUNITY HOSPITAL,95521,92.0,87.0,92.0,88.0,79.0,78.0,87.0,81.0,88.0,90.0,89.72945604438767,-1.7294560443876748,Underperforming
280,OROVILLE HOSPITAL,95966,86.0,82.0,84.0,77.0,67.0,69.0,85.0,77.0,81.0,77.0,79.83557834712369,1.1644216528763138,Overperforming
281,BAKERSFIELD MEMORIAL HOSPITAL,93301,89.0,89.0,88.0,81.0,78.0,77.0,84.0,80.0,89.0,89.0,88.22571714334751,0.7742828566524906,Overperforming
282,SANTA CLARA VALLEY MEDICAL CENTER,95128,87.0,85.0,91.0,80.0,66.0,77.0,86.0,76.0,84.0,84.0,84.77752862146133,-0.7775286214613288,Underperforming
283,ENLOE MEDICAL CENTER,95926,92.0,89.0,90.0,86.0,80.0,82.0,90.0,83.0,91.0,92.0,90.7274200771641,0.27257992283590227,Overperforming
284,LAC/OLIVE VIEW-UCLA MEDICAL CENTER,91342,92.0,85.0,95.0,83.0,74.0,79.0,86.0,84.0,91.0,91.0,90.36788664319286,0.6321133568071389,Overperforming
285,ST ELIZABETH COMMUNITY HOSPITAL,96080,92.0,89.0,89.0,86.0,74.0,79.0,89.0,81.0,88.0,87.0,87.87602765923698,0.123972340763018,Overperforming
286,ALTA BATES SUMMIT MEDICAL CENTER,94609,88.0,85.0,90.0,79.0,82.0,76.0,87.0,81.0,89.0,89.0,87.90356690646345,1.0964330935365467,Overperforming
287,EL CENTRO REGIONAL MEDICAL CENTER,92243,88.0,88.0,88.0,81.0,75.0,76.0,85.0,80.0,83.0,82.0,84.36203936133916,-1.362039361339157,Underperforming
288,CALIFORNIA PACIFIC MEDICAL CTR-PACIFIC CAMPUS HOSP,94115,89.0,84.0,91.0,84.0,69.0,76.0,85.0,81.0,86.0,87.0,86.85642353398222,-0.8564235339822233,Underperforming
289,SAN GORGONIO MEMORIAL HOSPITAL,92220,89.0,91.0,87.0,85.0,75.0,80.0,91.0,81.0,87.0,86.0,86.61604874433252,0.38395125566748334,Overperforming
290,CALIFORNIA PACIFIC MEDICAL CTR - ST. LUKE'S CAMPUS,94110,85.0,81.0,87.0,79.0,77.0,73.0,82.0,78.0,82.0,80.0,81.9240065767423,0.07599342325769953,Overperforming
291,ANTELOPE VALLEY HOSPITAL,93534,87.0,83.0,88.0,78.0,71.0,72.0,81.0,77.0,83.0,80.0,82.47303357361211,0.5269664263878866,Overperforming
292,KAWEAH DELTA MEDICAL CENTER,93291,89.0,85.0,88.0,84.0,75.0,76.0,86.0,79.0,87.0,86.0,86.14982012048775,0.8501798795122539,Overperforming
293,GLENDALE MEM HOSPITAL & HLTH CENTER,91204,89.0,86.0,89.0,82.0,78.0,77.0,83.0,79.0,86.0,85.0,86.11046981366036,-0.1104698136603588,Underperforming
294,COMMUNITY REGIONAL MEDICAL CENTER,93721,89.0,87.0,89.0,82.0,75.0,78.0,87.0,78.0,88.0,87.0,86.94594724273809,1.054052757261914,Overperforming
295,HOLLYWOOD PRESBYTERIAN MEDICAL CENTER,90027,85.0,79.0,85.0,77.0,76.0,73.0,76.0,76.0,82.0,80.0,81.52026094637085,0.47973905362914593,Overperforming
296,OAK VALLEY HOSPITAL DISTRICT,95361,90.0,90.0,91.0,89.0,77.0,80.0,88.0,82.0,89.0,88.0,88.48663761096367,0.513362389036331,Overperforming
297,ST JOSEPH HOSPITAL,92868,92.0,90.0,92.0,86.0,83.0,81.0,89.0,84.0,92.0,93.0,91.69509329904119,0.30490670095881,Overperforming
298,KAISER FOUNDATION HOSPITAL - SOUTH SAN FRANCISCO,94080,91.0,87.0,94.0,84.0,71.0,80.0,86.0,83.0,90.0,90.0,89.65604281708943,0.34395718291057165,Overperforming
299,KAISER FOUNDATION HOSPITAL-SANTA CLARA,95051,91.0,87.0,93.0,83.0,79.0,78.0,87.0,83.0,90.0,91.0,90.17928296610599,-0.17928296610598693,Underperforming
300,KAISER FOUNDATION HOSPITAL - WALNUT CREEK,94596,90.0,86.0,92.0,81.0,72.0,74.0,84.0,81.0,88.0,88.0,87.97210653412989,0.027893465870107548,Overperforming
301,KAISER FOUNDATION HOSPITAL AND REHAB CENTER,94589,91.0,86.0,92.0,82.0,81.0,78.0,87.0,81.0,90.0,90.0,89.44485952653618,0.5551404734638226,Overperforming
302,KAISER FOUNDATION HOSPITAL - OAKLAND/RICHMOND,94611,89.0,84.0,92.0,81.0,76.0,75.0,85.0,80.0,89.0,90.0,88.59417652084696,0.4058234791530424,Overperforming
303,KAISER FOUNDATION HOSPITAL - SAN FRANCISCO,94115,90.0,84.0,92.0,85.0,74.0,78.0,85.0,81.0,88.0,89.0,88.39108125661909,-0.39108125661908844,Underperforming
304,SCRIPPS MERCY HOSPITAL,92103,90.0,85.0,91.0,82.0,75.0,77.0,84.0,81.0,87.0,86.0,86.92788706809733,0.07211293190266588,Overperforming
305,PROVIDENCE LITTLE CO OF MARY MED CTR SAN PEDRO,90732,91.0,86.0,92.0,82.0,77.0,80.0,84.0,81.0,89.0,88.0,88.47778647899429,0.5222135210057104,Overperforming
306,ST JOHNS REGIONAL MEDICAL CENTER,93030,90.0,84.0,91.0,81.0,80.0,79.0,88.0,81.0,88.0,87.0,87.38160029562931,0.6183997043706881,Overperforming
307,ST JOSEPH'S MEDICAL CENTER OF STOCKTON,95204,90.0,83.0,90.0,83.0,74.0,76.0,85.0,80.0,86.0,85.0,86.00844175153958,-0.00844175153957849,Underperforming
308,COMMUNITY HOSPITAL OF SAN BERNARDINO,92411,88.0,83.0,85.0,79.0,77.0,78.0,81.0,78.0,85.0,83.0,84.11630131823937,0.8836986817606345,Overperforming
309,SONOMA VALLEY HOSPITAL,95476,91.0,89.0,90.0,86.0,79.0,80.0,92.0,82.0,87.0,88.0,88.38170195525655,-1.3817019552565455,Underperforming
310,COMMUNITY HOSPITAL OF HUNTINGTON PARK,90255,84.0,85.0,82.0,76.0,66.0,77.0,79.0,73.0,81.0,76.0,79.14169523968948,1.8583047603105172,Overperforming
311,SAINT AGNES MEDICAL CENTER,93710,88.0,86.0,88.0,79.0,76.0,74.0,84.0,79.0,86.0,85.0,85.5907333833072,0.40926661669280406,Overperforming
313,SAN ANTONIO REGIONAL HOSPITAL,91786,90.0,88.0,89.0,84.0,76.0,78.0,85.0,81.0,89.0,90.0,88.91750317514669,0.08249682485330823,Overperforming
314,SHARP MEMORIAL HOSPITAL,92123,93.0,90.0,92.0,86.0,85.0,81.0,90.0,84.0,93.0,93.0,91.93654402519813,1.0634559748018688,Overperforming
315,SUTTER SOLANO MEDICAL CENTER,94589,89.0,85.0,91.0,80.0,78.0,76.0,88.0,81.0,86.0,85.0,86.16798254037386,-0.16798254037385618,Underperforming
316,PARKVIEW COMMUNITY HOSPITAL MEDICAL CENTER,92503,85.0,81.0,87.0,77.0,71.0,70.0,80.0,76.0,82.0,79.0,81.14787247475542,0.8521275252445832,Overperforming
317,WHITE MEMORIAL MEDICAL CENTER,90033,90.0,87.0,89.0,82.0,76.0,78.0,86.0,79.0,88.0,88.0,87.71942846648918,0.2805715335108232,Overperforming
318,SAINT FRANCIS MEDICAL CENTER,90262,85.0,83.0,85.0,76.0,76.0,68.0,79.0,79.0,83.0,80.0,81.79757304893852,1.202426951061483,Overperforming
319,MARIAN REGIONAL MEDICAL CENTER,93454,91.0,89.0,91.0,84.0,81.0,82.0,89.0,81.0,89.0,89.0,89.16168662226846,-0.1616866222684621,Underperforming
320,"SUTTER MEDICAL CENTER, SACRAMENTO",95816,91.0,87.0,90.0,82.0,78.0,77.0,87.0,82.0,90.0,90.0,89.2036614248299,0.7963385751700969,Overperforming
321,LOMPOC VALLEY MEDICAL CENTER,93436,88.0,91.0,89.0,81.0,77.0,75.0,86.0,78.0,83.0,80.0,83.77704237316505,-0.7770423731650453,Underperforming
322,SANTA MONICA - UCLA MED CTR & ORTHOPAEDIC HOSPITAL,90404,92.0,89.0,91.0,86.0,81.0,80.0,87.0,83.0,91.0,93.0,91.38152559091554,-0.38152559091554394,Underperforming
323,SAN MATEO MEDICAL CENTER,94403,86.0,86.0,89.0,79.0,75.0,76.0,78.0,79.0,85.0,84.0,85.04733494044217,-0.04733494044216968,Underperforming
324,PALOMAR HEALTH DOWNTOWN CAMPUS,92025,92.0,85.0,92.0,82.0,81.0,77.0,86.0,82.0,90.0,91.0,90.06855321746418,-0.06855321746418497,Underperforming
325,NORTHRIDGE HOSPITAL MEDICAL CENTER,91325,91.0,89.0,91.0,82.0,79.0,80.0,87.0,81.0,89.0,89.0,89.09171978933631,-0.09171978933630953,Underperforming
326,DOCTORS HOSPITAL OF MANTECA,95336,91.0,89.0,92.0,85.0,77.0,82.0,88.0,81.0,87.0,87.0,88.25989749384874,-1.2598974938487402,Underperforming
327,ADVENTIST HEALTH HANFORD,93230,90.0,91.0,90.0,83.0,80.0,79.0,87.0,80.0,88.0,86.0,87.48548055631393,0.5145194436860692,Overperforming
328,DAMERON HOSPITAL,95203,89.0,89.0,91.0,83.0,72.0,76.0,86.0,80.0,87.0,86.0,86.91390512583281,0.08609487416718764,Overperforming
329,USC VERDUGO HILLS HOSPITAL,91209,89.0,86.0,90.0,82.0,66.0,73.0,81.0,80.0,85.0,85.0,85.86241751601153,-0.8624175160115328,Underperforming
330,REGIONAL MEDICAL CENTER OF SAN JOSE,95116,87.0,87.0,86.0,80.0,74.0,75.0,83.0,77.0,85.0,86.0,85.62601498223196,-0.6260149822319647,Underperforming
331,VALLEY PRESBYTERIAN HOSPITAL,91406,89.0,87.0,87.0,82.0,77.0,80.0,86.0,81.0,87.0,85.0,85.95670953952288,1.0432904604771238,Overperforming
332,WOODLAND MEMORIAL HOSPITAL,95695,92.0,91.0,92.0,85.0,79.0,81.0,89.0,84.0,89.0,88.0,89.2816297153339,-0.28162971533390646,Underperforming
333,TRI-CITY MEDICAL CENTER,92056,88.0,85.0,91.0,88.0,72.0,76.0,87.0,79.0,84.0,84.0,85.23630889607804,-1.236308896078043,Underperforming
334,ST BERNARDINE MEDICAL CENTER,92404,89.0,86.0,89.0,80.0,80.0,78.0,84.0,79.0,88.0,87.0,87.1332741377358,0.8667258622642038,Overperforming
335,NOVATO COMMUNITY HOSPITAL,94945,92.0,90.0,92.0,86.0,81.0,80.0,91.0,84.0,91.0,92.0,91.06904353116883,-0.06904353116883044,Underperforming
336,SAN GABRIEL VALLEY MEDICAL CENTER,91776,89.0,85.0,89.0,84.0,77.0,81.0,86.0,78.0,87.0,86.0,86.42815965562039,0.5718403443796092,Overperforming
337,RIDEOUT MEMORIAL HOSPITAL,95901,86.0,82.0,87.0,79.0,71.0,71.0,80.0,77.0,80.0,76.0,80.12498618860653,-0.12498618860652755,Underperforming
338,SOUTHERN CALIFORNIA HOSPITAL AT HOLLYWOOD,90028,79.0,80.0,80.0,70.0,69.0,70.0,72.0,72.0,74.0,69.0,74.00219882680435,-0.0021988268043457992,Underperforming
339,PETALUMA VALLEY HOSPITAL,94954,91.0,91.0,91.0,86.0,79.0,79.0,88.0,81.0,87.0,87.0,88.3151093416834,-1.3151093416833959,Underperforming
340,KAISER FOUNDATION HOSPITAL - PANORAMA CITY,91402,90.0,88.0,91.0,82.0,82.0,77.0,84.0,81.0,89.0,89.0,88.89815677170071,0.1018432282992876,Overperforming
341,KAISER FOUNDATION HOSPITAL - LOS ANGELES,90027,90.0,84.0,92.0,83.0,78.0,78.0,85.0,82.0,89.0,89.0,88.51321204782866,0.4867879521713405,Overperforming
342,KAISER FOUNDATION HOSPITAL - DOWNEY,90242,89.0,85.0,91.0,83.0,79.0,79.0,87.0,82.0,89.0,89.0,88.24838861281087,0.7516113871891292,Overperforming
343,KAISER FOUNDATION HOSPITAL FONTANA,92335,91.0,87.0,92.0,85.0,81.0,80.0,86.0,82.0,91.0,91.0,90.14251332792784,0.8574866720721559,Overperforming
344,COMMUNITY HOSPITAL OF THE MONTEREY PENINSULA,93940,92.0,90.0,93.0,85.0,80.0,79.0,88.0,83.0,92.0,93.0,91.6863258574952,0.3136741425047944,Overperforming
345,CALIFORNIA HOSPITAL MEDICAL CENTER LA,90015,89.0,83.0,88.0,78.0,76.0,78.0,84.0,78.0,86.0,84.0,85.05401983293336,0.9459801670666366,Overperforming
346,SIERRA NEVADA MEMORIAL HOSPITAL,95945,92.0,88.0,91.0,84.0,79.0,79.0,88.0,80.0,87.0,86.0,87.71408955168222,-0.7140895516822212,Underperforming
347,SAINT FRANCIS MEMORIAL HOSPITAL,94109,89.0,85.0,92.0,80.0,71.0,76.0,85.0,80.0,86.0,86.0,86.62561531911867,-0.6256153191186655,Underperforming
348,O'CONNOR HOSPITAL,95128,89.0,85.0,89.0,81.0,74.0,77.0,84.0,80.0,86.0,86.0,86.39507741394267,-0.3950774139426727,Underperforming
349,ENCINO HOSPITAL MEDICAL CENTER,91436,0.0,0.0,0.0,0.0,0.0,0.0,0.0,0.0,0.0,0.0,0.19264236840319826,-0.19264236840319826,Underperforming
350,VENTURA COUNTY MEDICAL CENTER,93003,88.0,87.0,91.0,82.0,78.0,75.0,83.0,81.0,87.0,86.0,86.78048702417627,0.21951297582373286,Overperforming
351,SAN JOAQUIN GENERAL HOSPITAL,95231,85.0,82.0,89.0,72.0,68.0,71.0,82.0,75.0,82.0,80.0,81.82890448617653,0.17109551382347377,Overperforming
352,ST JUDE MEDICAL CENTER,92835,92.0,91.0,92.0,87.0,81.0,81.0,89.0,83.0,92.0,93.0,91.69813664149862,0.3018633585013788,Overperforming
353,PIH HEALTH HOSPITAL-WHITTIER,90602,93.0,90.0,91.0,86.0,84.0,80.0,87.0,84.0,93.0,94.0,92.32086362709693,0.6791363729030735,Overperforming
354,SANTA ROSA MEMORIAL HOSPITAL,95405,89.0,87.0,88.0,80.0,69.0,75.0,87.0,79.0,86.0,87.0,86.58601768956136,-0.5860176895613591,Underperforming
355,EMANUEL MEDICAL CENTER,95382,89.0,87.0,88.0,82.0,73.0,82.0,86.0,79.0,85.0,85.0,85.97672418125916,-0.9767241812591578,Underperforming
356,JOHN MUIR MEDICAL CENTER - WALNUT CREEK CAMPUS,94598,92.0,89.0,91.0,83.0,80.0,79.0,84.0,82.0,91.0,92.0,90.94282319443651,0.057176805563486255,Overperforming
357,GEORGE L MEE MEMORIAL HOSPITAL,93930,0.0,0.0,0.0,0.0,0.0,0.0,0.0,0.0,0.0,0.0,0.21567000811285986,-0.21567000811285986,Underperforming
358,ST MARY MEDICAL CENTER,90813,90.0,89.0,88.0,81.0,79.0,79.0,85.0,80.0,88.0,87.0,87.50739039645968,0.49260960354031624,Overperforming
359,ADVENTIST HEALTH REEDLEY,93654,88.0,90.0,91.0,82.0,77.0,78.0,87.0,76.0,87.0,84.0,85.84399780179899,1.1560021982010085,Overperforming
360,WATSONVILLE COMMUNITY HOSPITAL,95076,89.0,89.0,89.0,83.0,75.0,80.0,87.0,78.0,87.0,87.0,87.21732869917977,-0.21732869917977382,Underperforming
361,WASHINGTON HOSPITAL,94538,90.0,90.0,92.0,83.0,76.0,77.0,85.0,81.0,88.0,88.0,88.55598583833623,-0.5559858383362268,Underperforming
362,SEQUOIA HOSPITAL,94062,93.0,91.0,94.0,83.0,84.0,79.0,89.0,85.0,92.0,94.0,92.78574675547982,-0.7857467554798205,Underperforming
363,PALMDALE REGIONAL MEDICAL CENTER,93552,91.0,92.0,88.0,86.0,83.0,81.0,87.0,81.0,89.0,90.0,89.66470738303113,-0.6647073830311285,Underperforming
364,EAST VALLEY GLENDORA HOSPITAL,91740,0.0,0.0,0.0,0.0,0.0,0.0,0.0,0.0,0.0,0.0,0.19544926594599588,-0.19544926594599588,Underperforming
365,ALAMEDA HOSPITAL,94501,88.0,82.0,86.0,81.0,73.0,77.0,80.0,78.0,83.0,83.0,84.05529479877126,-1.055294798771257,Underperforming
366,SHARP CHULA VISTA MEDICAL CENTER,91911,91.0,89.0,91.0,84.0,76.0,79.0,87.0,84.0,88.0,89.0,89.09124494140794,-1.0912449414079362,Underperforming
367,HOAG MEMORIAL HOSPITAL PRESBYTERIAN,92663,91.0,89.0,92.0,83.0,79.0,78.0,86.0,82.0,92.0,93.0,91.18966041833713,0.8103395816628733,Overperforming
368,ADVENTIST HEALTH FEATHER RIVER,95969,90.0,88.0,89.0,83.0,74.0,78.0,88.0,82.0,88.0,90.0,88.81630375141509,-0.8163037514150915,Underperforming
369,AHMC ANAHEIM REGIONAL MEDICAL CENTER,92801,89.0,87.0,88.0,85.0,79.0,80.0,84.0,78.0,86.0,85.0,86.13950347921585,-0.13950347921584694,Underperforming
370,ZUCKERBERG SAN FRANCISCO GENERAL HOSP & TRAUMA CTR,94110,89.0,88.0,90.0,82.0,82.0,77.0,88.0,80.0,90.0,90.0,88.86832012697374,1.1316798730262576,Overperforming
371,GARDEN GROVE HOSPITAL & MEDICAL CENTER,92843,88.0,85.0,90.0,84.0,76.0,77.0,83.0,77.0,86.0,85.0,85.80560189144421,0.19439810855578799,Overperforming
372,POMONA VALLEY HOSPITAL MEDICAL CENTER,91767,89.0,86.0,88.0,82.0,73.0,77.0,86.0,78.0,87.0,87.0,86.63768071247605,0.3623192875239454,Overperforming
373,FRENCH HOSPITAL MEDICAL CENTER,93401,92.0,86.0,92.0,85.0,74.0,82.0,91.0,83.0,90.0,92.0,90.43388071509744,-0.43388071509744464,Underperforming
374,SHARP CORONADO HOSPITAL AND HLTHCR CTR,92118,93.0,91.0,93.0,88.0,87.0,80.0,91.0,83.0,91.0,91.0,91.1801423711864,-0.18014237118640608,Underperforming
375,PROVIDENCE SAINT JOSEPH MEDICAL CTR,91505,90.0,88.0,90.0,82.0,79.0,77.0,83.0,80.0,90.0,91.0,89.63114444104389,0.3688555589561133,Overperforming
376,ADVENTIST HEALTH SIMI VALLEY,93065,88.0,89.0,88.0,82.0,82.0,75.0,86.0,80.0,86.0,88.0,87.52892064842626,-1.528920648426265,Underperforming
377,METHODIST HOSPITAL OF SOUTHERN CA,91006,91.0,89.0,92.0,81.0,76.0,77.0,86.0,82.0,90.0,91.0,90.08152869815866,-0.08152869815866381,Underperforming
378,GLENDALE ADVENTIST MEDICAL CENTER,91206,90.0,89.0,89.0,84.0,80.0,80.0,87.0,80.0,89.0,90.0,89.08561254552654,-0.08561254552654418,Underperforming
379,DOMINICAN HOSPITAL,95065,91.0,88.0,92.0,81.0,69.0,78.0,88.0,81.0,87.0,87.0,87.78041390363023,-0.7804139036302331,Underperforming
380,DESERT REGIONAL MEDICAL CENTER,92262,88.0,81.0,87.0,81.0,71.0,78.0,83.0,78.0,85.0,85.0,84.88307029783287,0.11692970216712695,Overperforming
381,ARROWHEAD REGIONAL MEDICAL CENTER,92324,89.0,80.0,89.0,79.0,78.0,77.0,81.0,79.0,87.0,87.0,86.53723749090844,0.46276250909156147,Overperforming
382,NATIVIDAD MEDICAL CENTER,93906,89.0,88.0,90.0,84.0,74.0,80.0,88.0,77.0,88.0,87.0,87.13640637502856,0.8635936249714433,Overperforming
383,MARSHALL MEDICAL CENTER,95667,95.0,92.0,93.0,87.0,76.0,81.0,90.0,82.0,90.0,91.0,91.42215027250484,-1.4221502725048367,Underperforming
384,GOOD SAMARITAN HOSPITAL,93308,83.0,87.0,81.0,85.0,75.0,72.0,80.0,77.0,81.0,80.0,81.24591398930474,-0.2459139893047393,Underperforming
385,SIERRA VIEW MEDICAL CENTER,93257,90.0,86.0,90.0,85.0,78.0,78.0,84.0,77.0,87.0,85.0,86.40886264950063,0.5911373504993662,Overperforming
386,RONALD REAGAN U C L A MEDICAL CENTER,90095,93.0,91.0,93.0,87.0,82.0,78.0,88.0,85.0,93.0,94.0,92.57311505272651,0.4268849472734928,Overperforming
387,REDLANDS COMMUNITY HOSPITAL,92373,90.0,89.0,90.0,86.0,79.0,80.0,86.0,82.0,90.0,91.0,89.79654641824686,0.20345358175313777,Overperforming
388,CONTRA COSTA REGIONAL MEDICAL CENTER,94553,89.0,86.0,92.0,80.0,69.0,78.0,87.0,80.0,88.0,87.0,87.12822057831407,0.8717794216859289,Overperforming
389,PROVIDENCE HOLY CROSS MEDICAL CENTER,91346,91.0,89.0,91.0,88.0,77.0,80.0,86.0,82.0,91.0,91.0,90.08296741713409,0.9170325828659145,Overperforming
390,HI-DESERT MEDICAL CENTER,92252,91.0,89.0,87.0,88.0,84.0,83.0,86.0,80.0,87.0,84.0,86.41255753130189,0.5874424686981143,Overperforming
391,MERCY MEDICAL CENTER REDDING,96001,90.0,84.0,89.0,81.0,72.0,77.0,87.0,79.0,86.0,87.0,86.79268745353724,-0.7926874535372406,Underperforming
392,ALHAMBRA HOSPITAL MEDICAL CENTER,91801,87.0,89.0,87.0,85.0,72.0,78.0,83.0,77.0,84.0,81.0,83.55334422340384,0.4466557765961596,Overperforming
393,STANFORD HEALTH CARE - VALLEYCARE,94588,92.0,86.0,93.0,85.0,77.0,79.0,89.0,83.0,90.0,91.0,90.18840483969828,-0.18840483969827915,Underperforming
394,SETON MEDICAL CENTER,94015,91.0,89.0,92.0,82.0,79.0,77.0,85.0,81.0,86.0,87.0,88.28144557951384,-2.281445579513843,Underperforming
395,PROVIDENCE SAINT JOHN'S HEALTH CENTER,90404,90.0,86.0,92.0,82.0,82.0,76.0,85.0,81.0,90.0,91.0,89.72069777466449,0.2793022253355133,Overperforming
396,SUTTER SANTA ROSA REGIONAL HOSPITAL,95403,92.0,86.0,92.0,86.0,81.0,79.0,89.0,83.0,91.0,93.0,91.15768709942868,-0.15768709942868497,Underperforming
397,RIVERSIDE UNIVERSITY HEALTH SYSTEM-MEDICAL CENTER,92555,86.0,78.0,88.0,74.0,71.0,70.0,79.0,75.0,81.0,80.0,81.66918960439253,-0.6691896043925283,Underperforming
398,MERCY HOSPITAL,93301,90.0,86.0,89.0,83.0,76.0,78.0,84.0,80.0,88.0,88.0,87.76063251887638,0.23936748112362238,Overperforming
399,HAZEL HAWKINS MEMORIAL HOSPITAL,95023,92.0,90.0,91.0,86.0,80.0,83.0,89.0,81.0,89.0,87.0,88.53448348548406,0.4655165145159401,Overperforming
400,BARSTOW COMMUNITY HOSPITAL,92311,89.0,85.0,88.0,85.0,83.0,76.0,85.0,79.0,85.0,84.0,85.47492413875503,-0.4749241387550285,Underperforming
401,ST MARY MEDICAL CENTER,92307,87.0,81.0,87.0,78.0,70.0,72.0,84.0,79.0,84.0,85.0,84.4656427105259,-0.46564271052589845,Underperforming
402,ADVENTIST HEALTH UKIAH VALLEY,95482,89.0,87.0,89.0,86.0,68.0,81.0,92.0,80.0,86.0,85.0,85.7554674115328,0.2445325884671945,Overperforming
403,ALTA BATES SUMMIT MEDICAL CENTER - ALTA BATES CAMP,94705,86.0,79.0,88.0,77.0,72.0,72.0,83.0,78.0,84.0,84.0,83.77733052914184,0.2226694708581647,Overperforming
404,EL CAMINO HOSPITAL,94040,92.0,89.0,93.0,85.0,81.0,79.0,86.0,82.0,91.0,92.0,91.1717306723981,-0.17173067239809825,Underperforming
405,SUTTER ROSEVILLE MEDICAL CENTER,95661,91.0,88.0,91.0,86.0,82.0,80.0,88.0,83.0,91.0,92.0,90.62229773396318,0.37770226603682033,Overperforming
406,SUTTER TRACY COMMUNITY HOSPITAL,95376,91.0,88.0,91.0,82.0,80.0,78.0,88.0,83.0,89.0,89.0,89.0449652486889,-0.04496524868889651,Underperforming
407,KERN MEDICAL CENTER,93306,88.0,87.0,89.0,80.0,73.0,76.0,84.0,79.0,85.0,84.0,85.2995680668029,-0.29956806680290526,Underperforming
408,HIGHLAND HOSPITAL,94602,88.0,84.0,91.0,82.0,79.0,77.0,83.0,78.0,88.0,87.0,86.9454275071079,1.054572492892106,Overperforming
409,SCRIPPS MEMORIAL HOSPITAL LA JOLLA,92037,92.0,89.0,93.0,84.0,84.0,80.0,85.0,83.0,92.0,92.0,91.34641633878425,0.6535836612157482,Overperforming
410,LOMA LINDA UNIVERSITY MEDICAL CENTER,92354,90.0,85.0,90.0,83.0,71.0,79.0,89.0,82.0,90.0,91.0,88.98647154045541,1.0135284595445881,Overperforming
411,CORONA REGIONAL MEDICAL CENTER,92882,87.0,83.0,86.0,81.0,70.0,74.0,84.0,77.0,84.0,81.0,82.60075760572165,1.399242394278346,Overperforming
412,SALINAS VALLEY MEMORIAL HOSPITAL,93901,92.0,91.0,91.0,87.0,73.0,80.0,88.0,83.0,89.0,90.0,89.88035324274313,-0.8803532427431264,Underperforming
413,ADVENTIST HEALTH SONORA,95370,90.0,87.0,88.0,87.0,77.0,78.0,89.0,81.0,87.0,85.0,86.20181655799425,0.798183442005751,Overperforming
414,ADVENTIST HEALTH LODI MEMORIAL,95240,91.0,87.0,88.0,83.0,78.0,78.0,88.0,79.0,87.0,88.0,87.84845397243588,-0.8484539724358768,Underperforming
415,PIONEERS MEMORIAL HEALTHCARE DISTRICT,92227,87.0,87.0,87.0,78.0,72.0,76.0,83.0,79.0,84.0,85.0,85.28088017574208,-1.2808801757420838,Underperforming
416,UNIVERSITY OF CALIFORNIA IRVINE MED CENTER,92868,91.0,87.0,91.0,85.0,80.0,76.0,86.0,81.0,89.0,89.0,88.87597470935918,0.12402529064081591,Overperforming
417,BEVERLY HOSPITAL,90640,87.0,87.0,88.0,79.0,74.0,75.0,83.0,78.0,84.0,81.0,83.4777303334427,0.5222696665573068,Overperforming
418,TORRANCE MEMORIAL MEDICAL CENTER,90509,92.0,89.0,92.0,86.0,83.0,80.0,86.0,83.0,93.0,94.0,92.09937905803325,0.9006209419667499,Overperforming
419,BARTON MEMORIAL HOSPITAL,96150,93.0,90.0,93.0,90.0,83.0,83.0,92.0,84.0,91.0,90.0,90.58980898779444,0.41019101220555854,Overperforming
420,PROVIDENCE LITTLE COMPANY OF MARY MED CTR TORRANCE,90503,91.0,88.0,91.0,82.0,79.0,78.0,83.0,81.0,90.0,91.0,90.03921172126104,-0.03921172126104011,Underperforming
421,GOLETA VALLEY COTTAGE HOSPITAL,93111,94.0,91.0,94.0,90.0,86.0,83.0,91.0,86.0,94.0,95.0,93.6339605004294,0.3660394995706042,Overperforming
422,MARIN GENERAL HOSPITAL,94904,88.0,82.0,89.0,82.0,70.0,72.0,86.0,79.0,85.0,86.0,85.50131466661419,-0.5013146666141921,Underperforming
423,NORTHBAY MEDICAL CENTER,94533,92.0,83.0,92.0,85.0,74.0,80.0,90.0,83.0,88.0,88.0,88.19592441521615,-0.19592441521615456,Underperforming
424,LAC+USC MEDICAL CENTER,90033,87.0,84.0,90.0,79.0,80.0,74.0,84.0,82.0,89.0,88.0,87.08685956007093,1.913140439929066,Overperforming
425,LAC/HARBOR-UCLA MED CENTER,90502,90.0,80.0,92.0,82.0,68.0,80.0,84.0,82.0,89.0,87.0,86.90951901697966,2.090480983020342,Overperforming
426,PACIFICA HOSPITAL OF THE VALLEY,91352,85.0,84.0,82.0,79.0,73.0,71.0,75.0,72.0,79.0,74.0,78.49371507719485,0.5062849228051505,Overperforming
427,GOOD SAMARITAN HOSPITAL,95124,89.0,88.0,89.0,82.0,73.0,76.0,86.0,81.0,87.0,90.0,88.53652387308559,-1.536523873085585,Underperforming
428,CITRUS VALLEY MEDICAL CENTER-IC CAMPUS,91723,91.0,88.0,89.0,83.0,72.0,76.0,83.0,81.0,88.0,87.0,87.57982916152318,0.420170838476821,Overperforming
429,HEMET VALLEY MEDICAL CENTER,92543,87.0,84.0,84.0,78.0,71.0,73.0,82.0,76.0,78.0,75.0,79.57284632365305,-1.572846323653053,Underperforming
430,PIH HOSPITAL - DOWNEY,90241,89.0,89.0,90.0,81.0,77.0,74.0,83.0,78.0,85.0,83.0,85.42667573617808,-0.4266757361780833,Underperforming
431,COMMUNITY MEMORIAL HOSPITAL SAN BUENAVENTURA,93003,91.0,84.0,91.0,83.0,70.0,76.0,85.0,80.0,85.0,85.0,86.31498193016142,-1.314981930161423,Underperforming
432,SANTA BARBARA COTTAGE HOSPITAL,93102,93.0,91.0,93.0,86.0,83.0,80.0,87.0,84.0,93.0,94.0,92.68168959051567,0.3183104094843259,Overperforming
434,CHINESE HOSPITAL,94133,87.0,88.0,89.0,87.0,77.0,77.0,91.0,80.0,91.0,88.0,87.07558823650504,3.924411763494959,Overperforming
435,KAISER FOUNDATION HOSPITAL - SOUTH BAY,90710,92.0,87.0,93.0,86.0,85.0,79.0,87.0,82.0,91.0,91.0,90.5515476810088,0.4484523189912011,Overperforming
436,MERCY HOSPITAL OF FOLSOM,95630,90.0,88.0,91.0,83.0,77.0,76.0,86.0,82.0,89.0,89.0,88.71698627938179,0.2830137206182144,Overperforming
437,SUTTER COAST HOSPITAL,95531,90.0,84.0,89.0,85.0,79.0,74.0,85.0,77.0,81.0,79.0,83.09278883278367,-2.0927888327836683,Underperforming
438,PALO VERDE HOSPITAL,92225,0.0,0.0,0.0,0.0,0.0,0.0,0.0,0.0,0.0,0.0,0.19992737551263007,-0.19992737551263007,Underperforming
439,SCRIPPS GREEN HOSPITAL,92037,93.0,90.0,95.0,84.0,85.0,82.0,89.0,85.0,92.0,93.0,92.43135313587526,-0.4313531358752556,Underperforming
440,KAISER FOUNDATION HOSPITAL - SACRAMENTO,95825,90.0,82.0,92.0,83.0,68.0,75.0,86.0,80.0,86.0,86.0,86.40628938148402,-0.40628938148401517,Underperforming
441,WEST ANAHEIM MEDICAL CENTER,92804,84.0,85.0,84.0,79.0,69.0,68.0,79.0,75.0,82.0,80.0,81.30583266822654,0.6941673317734569,Overperforming
442,HUNTINGTON MEMORIAL HOSPITAL,91109,91.0,89.0,92.0,85.0,82.0,75.0,88.0,83.0,92.0,95.0,92.12791575463528,-0.12791575463528204,Underperforming
443,STANFORD HEALTH CARE,94305,92.0,88.0,92.0,83.0,72.0,78.0,88.0,84.0,91.0,92.0,90.61653216165567,0.3834678383443304,Overperforming
444,MERCY MEDICAL CENTER,95340,89.0,89.0,86.0,80.0,81.0,79.0,83.0,79.0,85.0,82.0,84.74897245805191,0.2510275419480905,Overperforming
445,UCSF MEDICAL CENTER,94143,93.0,89.0,93.0,86.0,84.0,79.0,90.0,85.0,93.0,95.0,92.9036284411806,0.09637155881939918,Overperforming
446,ADVENTIST HEALTH BAKERSFIELD,93301,89.0,85.0,89.0,82.0,76.0,78.0,86.0,80.0,87.0,87.0,86.88110130121225,0.11889869878774562,Overperforming
447,ST MARY'S MEDICAL CENTER,94117,91.0,90.0,92.0,82.0,70.0,80.0,86.0,81.0,88.0,89.0,89.09916887901288,-1.099168879012879,Underperforming
448,DOCTORS MEDICAL CENTER,95350,90.0,85.0,89.0,84.0,74.0,82.0,87.0,80.0,88.0,88.0,87.61169925437927,0.38830074562072525,Overperforming
449,MEMORIAL HOSPITAL OF GARDENA,90247,81.0,80.0,81.0,73.0,71.0,69.0,74.0,71.0,77.0,71.0,75.48033811426501,1.5196618857349904,Overperforming
450,GOOD SAMARITAN HOSPITAL,90017,87.0,85.0,88.0,79.0,74.0,74.0,84.0,77.0,86.0,86.0,85.57808412921636,0.4219158707836357,Overperforming
451,WEST HILLS HOSPITAL & MEDICAL CENTER,91307,89.0,84.0,88.0,82.0,75.0,76.0,82.0,80.0,85.0,86.0,86.20591219155712,-1.2059121915571183,Underperforming
452,LONG BEACH MEMORIAL MEDICAL CENTER,90806,91.0,88.0,91.0,84.0,75.0,78.0,83.0,81.0,89.0,90.0,89.437274820747,-0.43727482074700674,Underperforming
453,EDEN MEDICAL CENTER,94546,90.0,88.0,91.0,83.0,82.0,77.0,86.0,80.0,90.0,91.0,89.7842473374088,0.21575266259119985,Overperforming
454,CLOVIS COMMUNITY MEDICAL CENTER,93611,91.0,91.0,90.0,85.0,80.0,79.0,92.0,82.0,90.0,92.0,90.49831839568674,-0.49831839568673786,Underperforming
455,JOHN MUIR MEDICAL CENTER - CONCORD CAMPUS,94520,91.0,87.0,91.0,83.0,81.0,75.0,87.0,83.0,90.0,92.0,90.37415706833195,-0.3741570683319537,Underperforming
456,SUTTER AUBURN FAITH HOSPITAL,95603,91.0,91.0,94.0,84.0,81.0,83.0,89.0,83.0,90.0,91.0,90.85110543781335,-0.8511054378133451,Underperforming
457,SAINT VINCENT MEDICAL CENTER,90057,87.0,80.0,89.0,78.0,74.0,70.0,83.0,79.0,84.0,83.0,83.7610299574304,0.23897004256960486,Overperforming
458,SCRIPPS MEMORIAL HOSPITAL - ENCINITAS,92024,91.0,88.0,91.0,83.0,75.0,78.0,84.0,81.0,88.0,90.0,89.40904421860796,-1.40904421860796,Underperforming
459,SIERRA VISTA REGIONAL MEDICAL CENTER,93405,89.0,83.0,89.0,84.0,70.0,82.0,88.0,80.0,86.0,86.0,86.04095921594171,-0.04095921594171159,Underperforming
460,KAISER FOUNDATION HOSPITAL,94903,92.0,85.0,93.0,86.0,69.0,79.0,88.0,82.0,89.0,90.0,89.35195792941099,-0.351957929410986,Underperforming
461,KAISER FOUNDATION HOSPITAL - FREMONT,94538,89.0,87.0,92.0,83.0,76.0,76.0,85.0,83.0,89.0,89.0,88.5601865410441,0.4398134589558964,Overperforming
462,KAISER FOUNDATION HOSPITAL - ZION,92120,92.0,90.0,92.0,87.0,82.0,79.0,88.0,83.0,91.0,92.0,91.12437932467213,-0.12437932467213386,Underperforming
463,MERCY SAN JUAN MEDICAL CENTER,95608,90.0,85.0,90.0,83.0,77.0,80.0,87.0,80.0,88.0,87.0,87.30792154375678,0.6920784562432232,Overperforming
464,VICTOR VALLEY GLOBAL MEDICAL CENTER,92392,80.0,76.0,81.0,71.0,67.0,65.0,78.0,72.0,75.0,70.0,74.04282838473955,0.9571716152604495,Overperforming
465,SUTTER DELTA MEDICAL CENTER,94509,88.0,83.0,89.0,78.0,73.0,73.0,83.0,78.0,82.0,81.0,83.37301875369306,-1.37301875369306,Underperforming
466,HUNTINGTON BEACH HOSPITAL,92647,83.0,83.0,79.0,78.0,71.0,69.0,73.0,70.0,79.0,76.0,78.40379725755786,0.596202742442145,Overperforming
467,MEMORIAL HOSPITAL LOS BANOS,93635,91.0,91.0,90.0,86.0,85.0,77.0,85.0,81.0,89.0,86.0,87.93756762693394,1.0624323730660592,Overperforming
468,JOHN F KENNEDY MEMORIAL HOSPITAL,92201,89.0,89.0,90.0,84.0,74.0,81.0,85.0,77.0,87.0,85.0,86.39400263836103,0.6059973616389698,Overperforming
469,SUTTER DAVIS HOSPITAL,95616,94.0,92.0,94.0,88.0,79.0,85.0,92.0,85.0,93.0,93.0,92.54189737668787,0.45810262331212925,Overperforming
470,KAISER FOUNDATION HOSPITAL - REDWOOD CITY,94063,91.0,91.0,93.0,86.0,81.0,81.0,87.0,83.0,92.0,93.0,91.6931022530548,0.30689774694519656,Overperforming
475,LOS ROBLES HOSPITAL & MEDICAL CENTER,91360,89.0,87.0,88.0,83.0,79.0,77.0,86.0,80.0,87.0,88.0,87.48824834720935,-0.48824834720934973,Underperforming
476,LOS ALAMITOS MEDICAL CENTER,90720,89.0,86.0,88.0,84.0,66.0,80.0,85.0,79.0,85.0,85.0,85.59626363701486,-0.5962636370148573,Underperforming
477,MEMORIAL MEDICAL CENTER,95355,90.0,86.0,90.0,82.0,78.0,76.0,88.0,80.0,88.0,89.0,88.25932689094269,-0.25932689094268824,Underperforming
478,KAISER FOUNDATION HOSPITAL - WEST LA,90034,90.0,84.0,92.0,81.0,79.0,79.0,86.0,81.0,88.0,88.0,88.0103206671536,-0.010320667153592922,Underperforming
479,MISSION HOSPITAL REGIONAL MED CENTER,92691,92.0,91.0,91.0,85.0,79.0,81.0,87.0,82.0,91.0,91.0,90.56401340336893,0.43598659663106787,Overperforming
480,MADERA COMMUNITY HOSPITAL,93637,88.0,83.0,90.0,81.0,72.0,76.0,85.0,79.0,85.0,82.0,84.00054362577418,0.9994563742258151,Overperforming
481,FOUNTAIN VALLEY REGIONAL HOSPITAL & MEDICAL CENTER,92708,85.0,81.0,85.0,79.0,70.0,76.0,83.0,76.0,83.0,81.0,81.86666627519465,1.1333337248053539,Overperforming
482,EISENHOWER MEDICAL CENTER,92270,91.0,87.0,90.0,84.0,79.0,75.0,83.0,81.0,90.0,92.0,90.22932766878417,-0.22932766878416544,Underperforming
483,LA PALMA INTERCOMMUNITY HOSPITAL,90623,85.0,89.0,84.0,82.0,72.0,70.0,81.0,77.0,82.0,80.0,82.07248491857209,-0.07248491857208705,Underperforming
484,LAKEWOOD REGIONAL MEDICAL CENTER,90712,89.0,86.0,89.0,83.0,74.0,86.0,84.0,79.0,86.0,85.0,86.17856048795693,-0.17856048795692914,Underperforming
485,CHINO VALLEY MEDICAL CENTER,91710,90.0,90.0,88.0,84.0,81.0,77.0,86.0,78.0,88.0,86.0,87.04704169089291,0.952958309107089,Overperforming
486,SAN DIMAS COMMUNITY HOSPITAL,91773,87.0,88.0,86.0,81.0,74.0,74.0,80.0,78.0,85.0,83.0,84.37451404132722,0.6254859586727832,Overperforming
487,PLACENTIA LINDA HOSPITAL,92870,88.0,87.0,87.0,83.0,76.0,82.0,86.0,81.0,86.0,85.0,85.77316680330242,0.22683319669758362,Overperforming
488,METHODIST HOSPITAL OF SACRAMENTO,95823,89.0,87.0,90.0,79.0,73.0,77.0,87.0,80.0,86.0,84.0,85.62792603668183,0.3720739633181722,Overperforming
489,FOOTHILL PRESBYTERIAN HOSPITAL,91740,90.0,86.0,91.0,81.0,75.0,74.0,81.0,78.0,87.0,87.0,87.42487638359222,-0.42487638359222046,Underperforming
490,UNIVERSITY OF CALIFORNIA DAVIS MEDICAL CENTER,95817,92.0,85.0,92.0,84.0,73.0,78.0,88.0,83.0,89.0,91.0,89.8418377694942,-0.8418377694942052,Underperforming
491,MEMORIALCARE SADDLEBACK MEDICAL CENTER,92653,91.0,88.0,91.0,82.0,73.0,75.0,85.0,81.0,89.0,90.0,89.2324559289894,-0.2324559289893955,Underperforming
492,KAISER FOUNDATION HOSPITAL-SAN JOSE,95119,90.0,86.0,92.0,82.0,73.0,76.0,86.0,81.0,87.0,88.0,87.99184264515958,-0.9918426451595792,Underperforming
493,DELANO REGIONAL MEDICAL CENTER,93215,87.0,91.0,88.0,84.0,73.0,78.0,84.0,75.0,84.0,82.0,84.3047753019755,-0.3047753019754964,Underperforming
494,KAISER FOUNDATION HOSPITAL - ORANGE COUNTY - ANAHE,92806,92.0,88.0,93.0,86.0,83.0,80.0,88.0,83.0,92.0,92.0,91.11660813812169,0.8833918618783088,Overperforming
495,ST JOHNS PLEASANT VALLEY HOSPITAL,93010,90.0,88.0,90.0,82.0,73.0,81.0,89.0,82.0,87.0,88.0,87.9660703198312,-0.9660703198312035,Underperforming
496,HENRY MAYO NEWHALL  HOSPITAL,91355,91.0,86.0,91.0,83.0,73.0,79.0,86.0,82.0,89.0,89.0,88.64329708588342,0.35670291411658184,Overperforming
497,CEDARS-SINAI MEDICAL CENTER,90048,91.0,88.0,92.0,86.0,79.0,76.0,84.0,82.0,92.0,93.0,91.09359073804977,0.9064092619502304,Overperforming
498,TWIN CITIES COMMUNITY HOSPITAL,93465,90.0,88.0,90.0,85.0,75.0,81.0,90.0,81.0,86.0,85.0,86.52543531868298,-0.5254353186829803,Underperforming
499,POMERADO HOSPITAL,92064,92.0,86.0,92.0,85.0,79.0,78.0,86.0,83.0,87.0,88.0,88.73307540977422,-1.7330754097742158,Underperforming
500,EAST LOS ANGELES DOCTORS HOSPITAL,90023,86.0,90.0,87.0,82.0,74.0,74.0,85.0,75.0,86.0,84.0,84.66815317189534,1.3318468281046592,Overperforming
501,LOS ANGELES COMMUNITY HOSPITAL,90023,75.0,76.0,73.0,68.0,53.0,60.0,66.0,67.0,66.0,57.0,65.24336775822165,0.7566322417783482,Overperforming
503,KAISER FOUNDATION HOSP SO SACRAMENTO,95823,91.0,86.0,92.0,85.0,76.0,78.0,86.0,81.0,90.0,90.0,89.34052051574352,0.6594794842564795,Overperforming
504,KAISER FOUNDATION HOSPITAL - WOODLAND HILLS,91367,91.0,89.0,93.0,85.0,78.0,81.0,87.0,82.0,90.0,90.0,89.88231249976641,0.1176875002335862,Overperforming
505,ORANGE COAST MEMORIAL MEDICAL CENTER,92708,91.0,88.0,91.0,84.0,77.0,76.0,88.0,82.0,89.0,90.0,89.3223260363192,-0.3223260363191969,Underperforming
506,MENIFEE VALLEY MEDICAL CENTER,92585,83.0,79.0,85.0,71.0,67.0,63.0,77.0,70.0,77.0,75.0,77.86607177605791,-0.8660717760579075,Underperforming
507,"KAISER FOUNDATION HOSPITAL, RIVERSIDE",92505,90.0,86.0,92.0,83.0,74.0,79.0,86.0,81.0,89.0,89.0,88.56326594041579,0.43673405958421085,Overperforming
508,ST LOUISE REGIONAL HOSPITAL,95020,91.0,91.0,89.0,85.0,76.0,79.0,86.0,81.0,86.0,86.0,87.53838544182068,-1.5383854418206795,Underperforming
509,SAN RAMON REGIONAL MEDICAL CENTER,94583,90.0,83.0,91.0,83.0,78.0,82.0,86.0,81.0,87.0,88.0,87.86871083487978,-0.8687108348797778,Underperforming
510,KAISER FOUNDATION HOSPITAL-SANTA ROSA,95403,93.0,88.0,92.0,85.0,78.0,79.0,87.0,82.0,91.0,93.0,91.5171224030239,-0.5171224030239046,Underperforming
511,KECK HOSPITAL OF USC,90033,91.0,85.0,92.0,83.0,82.0,77.0,86.0,83.0,92.0,92.0,90.384213765678,1.6157862343220017,Overperforming
512,PATIENTS' HOSPITAL OF REDDING,96001,0.0,0.0,0.0,0.0,0.0,0.0,0.0,0.0,0.0,0.0,0.23479199762316827,-0.23479199762316827,Underperforming
513,SOUTHWEST HEALTHCARE SYSTEM,92562,88.0,84.0,88.0,81.0,76.0,76.0,85.0,79.0,85.0,84.0,84.91689030715683,0.08310969284316627,Overperforming
514,MISSION COMMUNITY HOSPITAL,91402,80.0,84.0,83.0,77.0,63.0,63.0,75.0,71.0,76.0,70.0,75.02550041508022,0.9744995849197835,Overperforming
515,FRESNO SURGICAL HOSPITAL,93710,97.0,96.0,94.0,95.0,92.0,88.0,92.0,88.0,96.0,97.0,96.14970070042864,-0.1497007004286388,Underperforming
516,DESERT VALLEY HOSPITAL,92395,87.0,91.0,84.0,82.0,78.0,70.0,78.0,77.0,85.0,83.0,84.48085638324663,0.5191436167533681,Overperforming
517,KAISER FOUNDATION HOSPITAL - FRESNO,93720,91.0,88.0,93.0,83.0,79.0,76.0,87.0,82.0,90.0,91.0,90.17957318080758,-0.17957318080758,Underperforming
518,SUTTER MATERNITY & SURGERY CENTER OF SANTA CRUZ,95065,94.0,93.0,93.0,90.0,89.0,85.0,93.0,85.0,94.0,95.0,93.76080884081995,0.23919115918005218,Overperforming
519,LAC/RANCHO LOS AMIGOS NATIONAL REHABILITATION  CTR,90242,91.0,88.0,91.0,82.0,76.0,78.0,87.0,85.0,89.0,89.0,88.97868215133545,0.021317848664551775,Overperforming
520,KAISER FOUNDATION HOSPITAL - BALDWIN PARK,91706,92.0,89.0,93.0,86.0,81.0,83.0,88.0,83.0,91.0,91.0,90.74017070956839,0.25982929043161107,Overperforming
521,BAKERSFIELD HEART HOSPITAL,93308,89.0,86.0,88.0,88.0,80.0,78.0,86.0,82.0,89.0,90.0,88.51598051126453,0.48401948873546985,Overperforming
522,STANISLAUS SURGICAL HOSPITAL,95355,95.0,97.0,94.0,94.0,92.0,86.0,91.0,88.0,94.0,94.0,94.36200013480317,-0.36200013480316784,Underperforming
523,COMMUNITY HOSPITAL OF LONG BEACH,90804,89.0,82.0,88.0,82.0,75.0,72.0,74.0,77.0,84.0,81.0,83.66425278145593,0.3357472185440713,Overperforming
524,WHITTIER HOSPITAL MEDICAL CENTER,90605,89.0,87.0,89.0,83.0,78.0,82.0,85.0,77.0,86.0,85.0,86.19375703464544,-0.19375703464544358,Underperforming
525,MONTEREY PARK HOSPITAL,91754,90.0,88.0,90.0,84.0,75.0,77.0,86.0,76.0,88.0,87.0,87.32636643028917,0.6736335697108302,Overperforming
526,GARFIELD MEDICAL CENTER,91754,89.0,88.0,89.0,85.0,73.0,80.0,86.0,78.0,88.0,85.0,86.09928281091494,1.9007171890850572,Overperforming
527,GREATER EL MONTE COMMUNITY HOSPITAL,91733,89.0,88.0,86.0,81.0,75.0,79.0,84.0,76.0,85.0,82.0,84.2760678956846,0.723932104315395,Overperforming
528,CENTINELA HOSPITAL MEDICAL CENTER,90301,89.0,85.0,87.0,86.0,75.0,78.0,83.0,78.0,85.0,84.0,85.15504395380549,-0.15504395380548885,Underperforming
529,MARINA DEL REY HOSPITAL,90291,86.0,85.0,89.0,82.0,78.0,74.0,83.0,80.0,85.0,85.0,85.29853821988519,-0.298538219885188,Underperforming
530,OLYMPIA MEDICAL CENTER,90036,83.0,83.0,83.0,78.0,79.0,69.0,76.0,75.0,80.0,77.0,79.7320237173499,0.2679762826500962,Overperforming
531,ANAHEIM GLOBAL MEDICAL CENTER,92805,85.0,85.0,87.0,78.0,71.0,76.0,81.0,75.0,83.0,79.0,81.64420003809485,1.3557999619051486,Overperforming
532,CHAPMAN GLOBAL MEDICAL CENTER,92869,85.0,88.0,87.0,85.0,81.0,75.0,82.0,75.0,81.0,80.0,82.7140952372153,-1.7140952372153038,Underperforming
533,ORANGE COUNTY GLOBAL MEDICAL CENTER,92705,87.0,85.0,87.0,80.0,71.0,77.0,84.0,75.0,85.0,84.0,84.41583034492118,0.5841696550788242,Overperforming
534,SOUTH COAST GLOBAL MEDICAL CENTER,92704,84.0,84.0,84.0,78.0,72.0,72.0,81.0,74.0,84.0,81.0,81.77348723789075,2.2265127621092518,Overperforming
535,KAISER FOUNDATION HOSPITAL MANTECA,95337,90.0,87.0,91.0,85.0,80.0,76.0,85.0,81.0,89.0,89.0,88.71501742200735,0.2849825779926505,Overperforming
536,MIRACLE MILE MEDICAL CENTER,90036,0.0,0.0,0.0,0.0,0.0,0.0,0.0,0.0,0.0,0.0,0.1797158665613674,-0.1797158665613674,Underperforming
537,MENLO PARK SURGICAL HOSPITAL,94025,95.0,92.0,96.0,94.0,96.0,88.0,91.0,85.0,94.0,94.0,94.17968741862946,-0.17968741862945592,Underperforming
538,SHERMAN OAKS HOSPITAL,91403,86.0,87.0,85.0,81.0,72.0,74.0,80.0,76.0,84.0,80.0,82.33116194252926,1.6688380574707367,Overperforming
539,ALVARADO HOSPITAL MEDICAL CENTER,92120,88.0,86.0,87.0,85.0,74.0,78.0,85.0,79.0,84.0,82.0,84.01868853980054,-0.018688539800535864,Underperforming
540,MONTCLAIR HOSPITAL MEDICAL CENTER,91763,88.0,90.0,87.0,84.0,74.0,80.0,84.0,77.0,85.0,84.0,85.39763935639179,-0.3976393563917924,Underperforming
541,KAISER FOUNDATION HOSPITAL - ANTIOCH,94531,91.0,86.0,92.0,85.0,80.0,76.0,87.0,82.0,90.0,91.0,89.88791768519857,0.11208231480142672,Overperforming
542,PROVIDENCE TARZANA MEDICAL CENTER,91356,90.0,86.0,91.0,82.0,74.0,73.0,81.0,80.0,88.0,88.0,87.92176458980005,0.07823541019995162,Overperforming
543,SILVER LAKE MEDICAL CENTER,90026,0.0,0.0,0.0,0.0,0.0,0.0,0.0,0.0,0.0,0.0,0.17962353440535428,-0.17962353440535428,Underperforming
544,SHASTA REGIONAL MEDICAL CENTER,96001,88.0,83.0,86.0,83.0,74.0,73.0,85.0,80.0,86.0,87.0,85.92431517131861,0.07568482868138915,Overperforming
545,KAISER FOUNDATION HOSPITAL-MORENO VALLEY,92555,90.0,82.0,92.0,81.0,76.0,79.0,86.0,82.0,88.0,88.0,87.77016228728951,0.22983771271049136,Overperforming
546,SUTTER SURGICAL HOSPITAL - NORTH VALLEY,95991,96.0,91.0,96.0,94.0,91.0,90.0,88.0,87.0,95.0,96.0,95.35360462550517,-0.35360462550517013,Underperforming
547,KAISER FOUNDATION HOSPITAL - VACAVILLE,95688,90.0,87.0,92.0,82.0,80.0,75.0,87.0,82.0,90.0,91.0,89.74478946073478,0.25521053926522086,Overperforming
548,HOAG ORTHOPEDIC INSTITUTE,92618,95.0,93.0,94.0,91.0,88.0,85.0,93.0,86.0,95.0,96.0,94.58205907238022,0.41794092761978163,Overperforming
549,LOMA LINDA UNIVERSITY MEDICAL CENTER-MURRIETA,92563,89.0,86.0,89.0,83.0,84.0,77.0,84.0,80.0,89.0,91.0,89.21132737584355,-0.21132737584355255,Underperforming
550,COAST PLAZA HOSPITAL,90650,84.0,84.0,84.0,77.0,65.0,74.0,77.0,74.0,79.0,77.0,79.79582070435299,-0.795820704352991,Underperforming
551,KAISER FOUNDATION HOSPITAL - ROSEVILLE,95661,91.0,86.0,92.0,84.0,75.0,77.0,85.0,82.0,90.0,92.0,90.31445007253217,-0.3144500725321677,Underperforming
552,SAN LEANDRO HOSPITAL,94578,86.0,87.0,89.0,79.0,74.0,75.0,83.0,77.0,84.0,84.0,84.83659208994536,-0.8365920899453556,Underperforming
553,TEMECULA VALLEY HOSPITAL,92592,92.0,86.0,88.0,88.0,78.0,79.0,87.0,81.0,90.0,91.0,89.53975381881183,0.4602461811881682,Overperforming
554,COLLEGE MEDICAL CENTER,90806,0.0,0.0,0.0,0.0,0.0,0.0,0.0,0.0,0.0,0.0,0.1868254425743744,-0.1868254425743744,Underperforming
555,KAISER FOUNDATION HOSPITAL - SAN LEANDRO,94577,90.0,88.0,91.0,83.0,80.0,75.0,84.0,81.0,89.0,89.0,88.81378204729765,0.18621795270234998,Overperforming
556,LOMA LINDA UNIVERSITY CHILDREN'S HOSPITAL,92354,89.0,82.0,89.0,81.0,77.0,76.0,88.0,80.0,88.0,89.0,87.43491260646698,0.5650873935330196,Overperforming
557,"MARTIN LUTHER KING, JR. COMMUNITY HOSPITAL",90059,92.0,91.0,92.0,84.0,85.0,80.0,86.0,84.0,92.0,91.0,90.94861318835197,1.0513868116480296,Overperforming
558,FOOTHILL REGIONAL MEDICAL CENTER,92780,82.0,80.0,83.0,77.0,71.0,74.0,75.0,74.0,77.0,73.0,77.17326724483976,-0.17326724483976363,Underperforming
560,CASA COLINA HOSPITAL,91767,94.0,93.0,93.0,84.0,84.0,77.0,85.0,84.0,93.0,95.0,93.59525806439086,-0.5952580643908618,Underperforming
565,MAMMOTH HOSPITAL,93546,95.0,85.0,95.0,93.0,87.0,87.0,93.0,85.0,93.0,95.0,93.41805788640546,-0.4180578864054638,Underperforming
566,JOHN C FREMONT HEALTHCARE DISTRICT,95338,0.0,0.0,0.0,0.0,0.0,0.0,0.0,0.0,0.0,0.0,0.22867037567950121,-0.22867037567950121,Underperforming
567,MAYERS MEMORIAL HOSPITAL,96028,0.0,0.0,0.0,0.0,0.0,0.0,0.0,0.0,0.0,0.0,0.23504129444440358,-0.23504129444440358,Underperforming
572,ADVENTIST HEALTH HOWARD MEMORIAL,95490,94.0,94.0,95.0,88.0,86.0,85.0,91.0,86.0,94.0,95.0,94.14135027042616,-0.14135027042615889,Underperforming
574,MOUNTAINS COMMUNITY HOSPITAL,92352,0.0,0.0,0.0,0.0,0.0,0.0,0.0,0.0,0.0,0.0,0.20109999389399624,-0.20109999389399624,Underperforming
575,KERN VALLEY HEALTHCARE DISTRICT,93240,0.0,0.0,0.0,0.0,0.0,0.0,0.0,0.0,0.0,0.0,0.2092990893479575,-0.2092990893479575,Underperforming
576,TRINITY HOSPITAL,96093,0.0,0.0,0.0,0.0,0.0,0.0,0.0,0.0,0.0,0.0,0.23564145345848853,-0.23564145345848853,Underperforming
577,FAIRCHILD MEDICAL CENTER,96097,90.0,90.0,88.0,85.0,78.0,77.0,83.0,77.0,87.0,84.0,86.10230574493784,0.8976942550621629,Overperforming
578,ADVENTIST HEALTH CLEARLAKE,95422,89.0,87.0,86.0,88.0,79.0,82.0,85.0,80.0,85.0,82.0,84.54911748471476,0.4508825152852438,Overperforming
579,REDWOOD MEMORIAL HOSPITAL,95540,92.0,92.0,92.0,88.0,77.0,81.0,91.0,81.0,88.0,87.0,88.66132964045414,-0.6613296404541416,Underperforming
580,MERCY MEDICAL CENTER MT SHASTA,96067,96.0,93.0,93.0,91.0,82.0,80.0,89.0,84.0,92.0,91.0,92.03806357220523,-0.03806357220523182,Underperforming
581,BANNER LASSEN MEDICAL CENTER,96130,92.0,90.0,93.0,90.0,85.0,86.0,89.0,82.0,89.0,87.0,89.10216669005936,-0.10216669005936296,Underperforming
582,HEALDSBURG DISTRICT HOSPITAL,95448,93.0,92.0,92.0,92.0,79.0,81.0,85.0,80.0,90.0,92.0,91.54791236480213,-1.54791236480213,Underperforming
583,COLORADO RIVER MEDICAL CENTER,92363,0.0,0.0,0.0,0.0,0.0,0.0,0.0,0.0,0.0,0.0,0.20120155926561056,-0.20120155926561056,Underperforming
584,NORTHERN INYO HOSPITAL,93514,92.0,92.0,91.0,88.0,76.0,82.0,92.0,82.0,90.0,89.0,89.46653429416514,0.5334657058348569,Overperforming
585,MENDOCINO COAST DISTRICT HOSPITAL,95437,92.0,86.0,90.0,90.0,84.0,78.0,86.0,82.0,84.0,84.0,86.70875706661226,-2.7087570666122645,Underperforming
586,PLUMAS DISTRICT HOSPITAL,95971,0.0,0.0,0.0,0.0,0.0,0.0,0.0,0.0,0.0,0.0,0.23451500115512902,-0.23451500115512902,Underperforming
588,TAHOE FOREST HOSPITAL,96161,94.0,92.0,94.0,92.0,89.0,87.0,92.0,86.0,94.0,95.0,93.93507361019883,0.06492638980117249,Overperforming
589,SUTTER LAKESIDE HOSPITAL,95453,93.0,91.0,93.0,89.0,84.0,84.0,94.0,84.0,92.0,91.0,91.14951307109827,0.8504869289017307,Overperforming
590,MODOC MEDICAL CENTER,96101,0.0,0.0,0.0,0.0,0.0,0.0,0.0,0.0,0.0,0.0,0.23571531918329902,-0.23571531918329902,Underperforming
591,SANTA YNEZ VALLEY COTTAGE HOSPITAL,93463,0.0,0.0,0.0,0.0,0.0,0.0,0.0,0.0,0.0,0.0,0.21135809642704917,-0.21135809642704917,Underperforming
592,MARK TWAIN MEDICAL CENTER,95249,0.0,0.0,0.0,0.0,0.0,0.0,0.0,0.0,0.0,0.0,0.22784861949098478,-0.22784861949098478,Underperforming
594,OJAI VALLEY COMMUNITY HOSPITAL,93023,96.0,93.0,94.0,92.0,83.0,83.0,92.0,86.0,93.0,94.0,93.6680981224494,-0.6680981224493934,Underperforming
595,BEAR VALLEY COMMUNITY HOSPITAL,92315,0.0,0.0,0.0,0.0,0.0,0.0,0.0,0.0,0.0,0.0,0.2007583649167478,-0.2007583649167478,Underperforming
607,NORTH COLORADO MEDICAL CENTER,80631,91.0,89.0,91.0,86.0,83.0,83.0,90.0,83.0,88.0,88.0,88.69594195302048,-0.6959419530204798,Underperforming
608,LONGMONT UNITED HOSPITAL,80501,93.0,91.0,92.0,90.0,89.0,81.0,91.0,83.0,90.0,89.0,90.07203987976862,-0.07203987976862436,Underperforming
609,PLATTE VALLEY MEDICAL CENTER,80601,91.0,93.0,92.0,87.0,84.0,82.0,89.0,83.0,89.0,89.0,89.7643144096859,-0.7643144096858947,Underperforming
610,MONTROSE MEMORIAL HOSPITAL,81401,93.0,95.0,94.0,90.0,86.0,85.0,90.0,85.0,93.0,92.0,92.31897527758024,0.6810247224197639,Overperforming
611,SAN LUIS VALLEY HEALTH,81101,89.0,89.0,89.0,85.0,79.0,75.0,86.0,80.0,84.0,82.0,84.79430800196411,-0.7943080019641116,Underperforming
612,LUTHERAN MEDICAL CENTER,80033,93.0,88.0,91.0,88.0,82.0,81.0,90.0,83.0,91.0,91.0,90.39604006872514,0.6039599312748578,Overperforming
613,POUDRE VALLEY HOSPITAL,80524,92.0,88.0,91.0,86.0,84.0,79.0,90.0,82.0,90.0,91.0,90.14962000171133,-0.14962000171132672,Underperforming
614,DENVER HEALTH MEDICAL CENTER,80204,89.0,83.0,90.0,83.0,80.0,79.0,88.0,80.0,88.0,87.0,86.7764364095789,1.2235635904210937,Overperforming
615,CENTURA HEALTH-ST MARY CORWIN MEDICAL CENTER,81004,91.0,86.0,91.0,86.0,80.0,77.0,88.0,80.0,87.0,86.0,87.1387805205926,-0.13878052059260426,Underperforming
616,MERCY REGIONAL MEDICAL CENTER,81301,93.0,89.0,93.0,86.0,85.0,80.0,90.0,83.0,91.0,93.0,91.80592342071306,-0.8059234207130572,Underperforming
617,PRESBYTERIAN ST LUKES MEDICAL CENTER,80218,91.0,90.0,91.0,87.0,86.0,81.0,89.0,84.0,89.0,90.0,89.8785823837786,-0.8785823837786069,Underperforming
618,CENTURA HEALTH-ST ANTHONY HOSPITAL,80228,92.0,87.0,90.0,84.0,85.0,78.0,86.0,81.0,91.0,91.0,90.0194283247848,0.9805716752152023,Overperforming
619,"PARKVIEW MEDICAL CENTER, INC",81003,92.0,89.0,89.0,84.0,79.0,79.0,88.0,82.0,89.0,90.0,89.41078288483502,-0.41078288483501524,Underperforming
620,UNIVERSITY COLO HEALTH MEMORIAL HOSPITAL CENTRAL,80909,91.0,89.0,91.0,85.0,81.0,79.0,88.0,82.0,89.0,89.0,89.04394304946543,-0.04394304946542604,Underperforming
621,ST MARYS  MEDICAL CENTER,81502,92.0,89.0,90.0,86.0,83.0,78.0,88.0,81.0,90.0,90.0,89.62183457471838,0.37816542528162245,Overperforming
622,UNIVERSITY OF COLORADO HOSPITAL AUTHORITY,80045,91.0,88.0,91.0,82.0,85.0,80.0,88.0,83.0,91.0,91.0,90.0807041466164,0.919295853383602,Overperforming
623,FOOTHILLS HOSPITAL,80303,91.0,88.0,91.0,83.0,85.0,78.0,88.0,82.0,89.0,90.0,89.51520430604756,-0.5152043060475648,Underperforming
624,SAINT JOSEPH HOSPITAL,80218,93.0,89.0,93.0,88.0,87.0,82.0,90.0,84.0,92.0,93.0,91.95591190898747,0.044088091012525865,Overperforming
625,MCKEE MEDICAL CENTER,80538,92.0,88.0,91.0,90.0,82.0,85.0,92.0,85.0,89.0,89.0,89.32883304150621,-0.32883304150621484,Underperforming
626,CENTURA HEALTH-PENROSE ST FRANCIS HEALTH SERVICES,80907,91.0,88.0,91.0,84.0,85.0,77.0,86.0,83.0,90.0,91.0,90.08927254756567,-0.08927254756567038,Underperforming
627,ROSE MEDICAL CENTER,80220,93.0,89.0,93.0,88.0,84.0,82.0,90.0,85.0,91.0,92.0,91.41420892450247,-0.41420892450247493,Underperforming
628,SWEDISH MEDICAL CENTER,80113,91.0,87.0,89.0,85.0,81.0,80.0,87.0,83.0,89.0,91.0,89.62785628201712,-0.6278562820171203,Underperforming
629,COLORADO PLAINS MEDICAL CENTER,80701,90.0,91.0,91.0,88.0,83.0,82.0,87.0,83.0,88.0,86.0,87.80557392013274,0.1944260798672559,Overperforming
630,UCHEALTH YAMPA VALLEY MEDICAL CENTER,80487,93.0,89.0,94.0,91.0,88.0,84.0,91.0,84.0,94.0,95.0,93.11365316261994,0.88634683738006,Overperforming
631,COMMUNITY HOSPITAL,81505,90.0,84.0,90.0,83.0,82.0,73.0,85.0,80.0,88.0,88.0,87.60911519764136,0.39088480235864154,Overperforming
632,CENTURA HEALTH-PORTER ADVENTIST HOSPITAL,80210,91.0,89.0,92.0,85.0,84.0,78.0,89.0,82.0,89.0,89.0,89.2060089172261,-0.20600891722610015,Underperforming
633,NORTH SUBURBAN MEDICAL CENTER,80229,90.0,90.0,89.0,84.0,79.0,80.0,89.0,82.0,87.0,85.0,86.64585568222789,0.35414431777211064,Overperforming
634,DELTA COUNTY MEMORIAL HOSPITAL,81416,91.0,88.0,91.0,88.0,83.0,81.0,92.0,83.0,89.0,90.0,89.44632763070811,-0.44632763070811166,Underperforming
635,VALLEY VIEW HOSPITAL ASSOCIATION,81601,92.0,88.0,92.0,86.0,85.0,79.0,87.0,83.0,91.0,92.0,90.95383921069293,0.04616078930706635,Overperforming
636,STERLING REGIONAL MEDCENTER,80751,93.0,88.0,92.0,88.0,81.0,84.0,90.0,82.0,90.0,89.0,89.58227942309283,0.4177205769071719,Overperforming
637,VAIL HEALTH HOSPITAL,81657,91.0,89.0,92.0,88.0,87.0,81.0,89.0,80.0,91.0,91.0,90.29363663803038,0.7063633619696219,Overperforming
638,"MEDICAL CENTER OF AURORA, THE",80012,90.0,85.0,89.0,84.0,81.0,80.0,88.0,81.0,87.0,87.0,87.16264415054235,-0.1626441505423486,Underperforming
639,CENTURA HEALTH-AVISTA ADVENTIST HOSPITAL,80027,93.0,91.0,92.0,87.0,86.0,80.0,89.0,83.0,91.0,92.0,91.45350487489858,-0.4535048748985844,Underperforming
640,ST ANTHONY NORTH HEALTH CAMPUS,80023,91.0,91.0,91.0,83.0,86.0,78.0,88.0,81.0,90.0,90.0,89.81324227710978,0.18675772289022063,Overperforming
642,SKY RIDGE MEDICAL CENTER,80124,90.0,84.0,90.0,86.0,83.0,80.0,88.0,83.0,88.0,89.0,88.30438733948239,-0.30438733948238905,Underperforming
643,CENTURA HEALTH-LITTLETON ADVENTIST HOSPITAL,80122,91.0,88.0,91.0,86.0,82.0,82.0,85.0,83.0,90.0,91.0,90.15832580679309,-0.15832580679308705,Underperforming
644,PARKER ADVENTIST HOSPITAL,80138,90.0,84.0,91.0,82.0,84.0,75.0,90.0,83.0,89.0,89.0,88.25518238799677,0.7448176120032315,Overperforming
645,GOOD SAMARITAN MEDICAL CENTER,80026,92.0,87.0,92.0,87.0,84.0,81.0,89.0,83.0,91.0,92.0,90.78786533013857,0.21213466986142748,Overperforming
646,"ANIMAS SURGICAL HOSPITAL, LLC",81301,95.0,95.0,96.0,95.0,87.0,88.0,95.0,89.0,96.0,97.0,95.52782661191088,0.4721733880891179,Overperforming
647,ST ANTHONY SUMMIT MEDICAL CENTER,80443,93.0,91.0,92.0,92.0,91.0,82.0,91.0,83.0,94.0,94.0,92.57748733206468,1.4225126679353224,Overperforming
648,MEDICAL CENTER OF THE ROCKIES,80538,92.0,87.0,92.0,85.0,85.0,80.0,91.0,84.0,92.0,93.0,91.23857965850237,0.7614203414976259,Overperforming
649,ORTHOCOLORADO HOSPITAL AT ST ANTHONY MED CAMPUS,80228,93.0,92.0,94.0,86.0,91.0,84.0,94.0,86.0,93.0,94.0,92.98085187476708,0.01914812523291687,Overperforming
650,CASTLE ROCK ADVENTIST HOSPITAL,80109,92.0,87.0,92.0,87.0,84.0,79.0,85.0,83.0,91.0,91.0,90.40003826789847,0.5999617321015336,Overperforming
651,BANNER FORT COLLINS MEDICAL CENTER,80528,92.0,92.0,90.0,93.0,86.0,83.0,91.0,85.0,90.0,90.0,90.2061002740451,-0.20610027404509879,Underperforming
652,SCL HEALTH COMMUNITY HOSPITAL- NORTHGLENN,80233,0.0,0.0,0.0,0.0,0.0,0.0,0.0,0.0,0.0,0.0,0.08920265402174732,-0.08920265402174732,Underperforming
657,RIO GRANDE HOSPITAL,81132,0.0,0.0,0.0,0.0,0.0,0.0,0.0,0.0,0.0,0.0,0.097503314847323,-0.097503314847323,Underperforming
658,COLORADO CANYONS HOSPITAL AND MEDICAL CENTER,81521,0.0,0.0,0.0,0.0,0.0,0.0,0.0,0.0,0.0,0.0,0.10109503571623168,-0.10109503571623168,Underperforming
659,EAST MORGAN COUNTY HOSPITAL,80723,0.0,0.0,0.0,0.0,0.0,0.0,0.0,0.0,0.0,0.0,0.09372692966638807,-0.09372692966638807,Underperforming
661,MELISSA MEMORIAL HOSPITAL,80734,0.0,0.0,0.0,0.0,0.0,0.0,0.0,0.0,0.0,0.0,0.0938284950380025,-0.0938284950380025,Underperforming
665,WRAY COMMUNITY DISTRICT HOSPITAL,80758,0.0,0.0,0.0,0.0,0.0,0.0,0.0,0.0,0.0,0.0,0.09405009221243388,-0.09405009221243388,Underperforming
667,SOUTHEAST COLORADO HOSPITAL,81073,0.0,0.0,0.0,0.0,0.0,0.0,0.0,0.0,0.0,0.0,0.09695855512684581,-0.09695855512684581,Underperforming
668,ESTES PARK MEDICAL CENTER,80517,0.0,0.0,0.0,0.0,0.0,0.0,0.0,0.0,0.0,0.0,0.0918248872525187,-0.0918248872525187,Underperforming
669,KIT CARSON COUNTY MEMORIAL HOSPITAL,80807,0.0,0.0,0.0,0.0,0.0,0.0,0.0,0.0,0.0,0.0,0.09450251977689794,-0.09450251977689794,Underperforming
670,"MEMORIAL HOSPITAL, THE",81625,91.0,87.0,93.0,89.0,87.0,84.0,91.0,82.0,90.0,87.0,88.37933989080673,1.6206601091932669,Overperforming
671,YUMA DISTRICT HOSPITAL,80759,0.0,0.0,0.0,0.0,0.0,0.0,0.0,0.0,0.0,0.0,0.09405932542803519,-0.09405932542803519,Underperforming
672,SPANISH PEAKS REGIONAL HEALTH CENTER,81089,0.0,0.0,0.0,0.0,0.0,0.0,0.0,0.0,0.0,0.0,0.0971062865764667,-0.0971062865764667,Underperforming
673,GRAND RIVER MEDICAL CENTER,81650,94.0,90.0,92.0,95.0,85.0,80.0,89.0,84.0,90.0,91.0,91.13461316392824,-1.1346131639282362,Underperforming
676,GUNNISON VALLEY HOSPITAL,81230,96.0,88.0,96.0,94.0,89.0,83.0,93.0,85.0,92.0,93.0,92.96348717746486,-0.9634871774648559,Underperforming
677,MT SAN RAFAEL HOSPITAL,81082,0.0,0.0,0.0,0.0,0.0,0.0,0.0,0.0,0.0,0.0,0.09704165406725762,-0.09704165406725762,Underperforming
678,HEART OF THE ROCKIES REGIONAL MEDICAL CENTER,81201,95.0,91.0,94.0,93.0,91.0,85.0,94.0,86.0,93.0,94.0,93.37622107415208,-0.3762210741520846,Underperforming
679,PROWERS MEDICAL CENTER,81052,0.0,0.0,0.0,0.0,0.0,0.0,0.0,0.0,0.0,0.0,0.09676465759921837,-0.09676465759921837,Underperforming
680,ASPEN VALLEY HOSPITAL,81611,93.0,93.0,93.0,92.0,92.0,82.0,92.0,88.0,93.0,93.0,92.62481678596316,0.37518321403683785,Overperforming
683,SOUTHWEST MEMORIAL HOSPITAL,81321,93.0,90.0,94.0,94.0,83.0,87.0,88.0,84.0,88.0,87.0,89.40395012293565,-1.4039501229356546,Underperforming
685,ARKANSAS VALLEY REGIONAL MEDICAL CENTER,81050,88.0,87.0,91.0,84.0,81.0,81.0,88.0,79.0,85.0,80.0,83.783305912493,1.216694087506994,Overperforming
687,CENTURA HEALTH-ST THOMAS MORE HOSPITAL,81212,93.0,88.0,92.0,88.0,83.0,81.0,89.0,80.0,88.0,85.0,87.60796953851136,0.39203046148864473,Overperforming
689,ST FRANCIS HOSPITAL & MEDICAL CENTER,6105,92.0,88.0,92.0,85.0,82.0,79.0,89.0,83.0,91.0,92.0,90.08406647560358,0.9159335243964222,Overperforming
690,DAY KIMBALL HOSPITAL,6260,92.0,92.0,93.0,86.0,80.0,77.0,87.0,81.0,87.0,87.0,88.10274595171295,-1.1027459517129472,Underperforming
691,SHARON HOSPITAL,6069,93.0,92.0,92.0,92.0,80.0,82.0,89.0,83.0,91.0,89.0,89.30103528523155,1.6989647147684508,Overperforming
692,WATERBURY HOSPITAL,6721,88.0,84.0,86.0,80.0,76.0,75.0,89.0,78.0,84.0,84.0,83.64440234419467,0.355597655805326,Overperforming
693,STAMFORD HOSPITAL,6904,92.0,92.0,92.0,85.0,88.0,79.0,84.0,81.0,91.0,91.0,90.31831249609414,0.681687503905863,Overperforming
694,LAWRENCE & MEMORIAL HOSPITAL,6320,92.0,86.0,92.0,85.0,77.0,78.0,87.0,81.0,87.0,88.0,87.76653621438662,-0.766536214386619,Underperforming
695,JOHNSON MEMORIAL HOSPITAL,6076,93.0,90.0,92.0,87.0,81.0,80.0,91.0,81.0,89.0,87.0,87.95180045559474,1.0481995444052643,Overperforming
696,BRIDGEPORT HOSPITAL,6610,92.0,85.0,91.0,84.0,77.0,74.0,85.0,81.0,87.0,88.0,87.49846812521685,-0.4984681252168457,Underperforming
697,CHARLOTTE HUNGERFORD HOSPITAL,6790,91.0,83.0,88.0,83.0,71.0,74.0,88.0,80.0,83.0,81.0,82.95851516409212,0.041484835907880324,Overperforming
698,ROCKVILLE GENERAL HOSPITAL,6066,86.0,82.0,88.0,78.0,73.0,75.0,86.0,80.0,83.0,82.0,82.37914036546461,0.6208596345353925,Overperforming
699,SAINT MARY'S HOSPITAL,6706,91.0,87.0,90.0,82.0,76.0,75.0,87.0,81.0,86.0,87.0,86.7816921175837,-0.7816921175837024,Underperforming
700,MIDSTATE MEDICAL CENTER,6450,94.0,92.0,92.0,89.0,86.0,78.0,89.0,83.0,91.0,91.0,90.56821905251999,0.43178094748000717,Overperforming
